A1,A2,A3_u,A3_y,A4_gg,A4_p,A5,A6_aa,A6_c,A6_cc,A6_d,A6_e,A6_ff,A6_i,A6_j,A6_k,A6_m,A6_q,A6_r,A6_w,A6_x,A7,A8,A9_bb,A9_dd,A9_ff,A9_h,A9_j,A9_n,A9_o,A9_v,A9_z,A10,A11,A12,A13,A14,A15_p,A15_s,A16
1,30.83,1,0,0,0,0.0,0,0,0,0,0,0,0,0,0,0,0,0,1,0,0,1,0,0,0,0,0,0,0,1,0,1.25,1,1,0,202,0,0,1
0,58.67,1,0,0,0,4.46,0,0,0,0,0,0,0,0,0,0,1,0,0,0,560,1,0,0,0,1,0,0,0,0,0,3.04,1,6,0,43,0,0,1
0,24.5,1,0,0,0,0.5,0,0,0,0,0,0,0,0,0,0,1,0,0,0,824,0,0,0,0,1,0,0,0,0,0,1.5,1,0,0,280,0,0,1
1,27.83,1,0,0,0,1.54,0,0,0,0,0,0,0,0,0,0,0,0,1,0,3,1,0,0,0,0,0,0,0,1,0,3.75,1,5,1,100,0,0,1
1,25,1,0,0,0,11.25,0,1,0,0,0,0,0,0,0,0,0,0,0,0,1208,1,0,0,0,0,0,0,0,1,0,2.5,1,17,0,200,0,0,1
1,23.25,1,0,0,0,1.0,0,1,0,0,0,0,0,0,0,0,0,0,0,0,0,0,0,0,0,0,0,0,0,1,0,0.835,1,0,0,300,0,1,1
0,47.75,1,0,0,0,8.0,0,1,0,0,0,0,0,0,0,0,0,0,0,0,1260,1,0,0,0,0,0,0,0,1,0,7.875,1,6,1,0,0,0,1
0,27.42,1,0,0,0,14.5,0,0,0,0,0,0,0,0,0,0,0,0,0,1,11,1,0,0,0,1,0,0,0,0,0,3.085,1,1,0,120,0,0,1
0,41.17,1,0,0,0,6.5,0,0,0,0,0,0,0,0,0,0,1,0,0,0,0,1,0,0,0,0,0,0,0,1,0,0.5,1,3,1,145,0,0,1
0,15.83,1,0,0,0,0.585,0,1,0,0,0,0,0,0,0,0,0,0,0,0,0,1,0,0,0,1,0,0,0,0,0,1.5,1,2,0,100,0,0,1
0,47,1,0,0,0,13.0,0,0,0,0,0,0,1,0,0,0,0,0,0,0,0,1,1,0,0,0,0,0,0,0,0,5.165,1,9,1,0,0,0,1
1,56.58,1,0,0,0,18.5,0,0,0,1,0,0,0,0,0,0,0,0,0,0,0,1,1,0,0,0,0,0,0,0,0,15.0,1,17,1,0,0,0,1
1,57.42,1,0,0,0,8.5,0,0,0,0,1,0,0,0,0,0,0,0,0,0,0,1,0,0,0,1,0,0,0,0,0,7.0,1,3,0,0,0,0,1
1,42.08,1,0,0,0,1.04,0,0,0,0,0,0,0,0,0,0,0,0,1,0,10000,1,0,0,0,0,0,0,0,1,0,5.0,1,6,1,500,0,0,1
1,29.25,1,0,0,0,14.79,1,0,0,0,0,0,0,0,0,0,0,0,0,0,0,1,0,0,0,0,0,0,0,1,0,5.04,1,5,1,168,0,0,1
1,42,1,0,0,0,9.79,0,0,0,0,0,0,0,0,0,0,0,0,0,1,0,1,0,0,0,1,0,0,0,0,0,7.96,1,8,0,0,0,0,1
1,49.5,1,0,0,0,7.585,0,0,0,0,0,0,1,0,0,0,0,0,0,0,5000,1,1,0,0,0,0,0,0,0,0,7.585,1,15,1,0,0,0,1
0,36.75,1,0,0,0,5.125,0,0,0,0,1,0,0,0,0,0,0,0,0,0,4000,0,0,0,0,0,0,0,0,1,0,5.0,1,0,1,0,0,0,1
0,22.58,1,0,0,0,10.75,0,0,0,0,0,0,0,0,0,0,1,0,0,0,560,1,0,0,0,0,0,0,0,1,0,0.415,1,5,1,0,0,0,1
1,27.83,1,0,0,0,1.5,0,0,0,0,0,0,0,0,0,0,0,0,1,0,35,1,0,0,0,0,0,0,0,1,0,2.0,1,11,1,434,0,0,1
1,27.25,1,0,0,0,1.585,0,0,1,0,0,0,0,0,0,0,0,0,0,0,713,1,0,0,0,1,0,0,0,0,0,1.835,1,12,1,583,0,0,1
0,23,1,0,0,0,11.75,0,0,0,0,0,0,0,0,0,0,0,0,0,1,551,1,0,0,0,1,0,0,0,0,0,0.5,1,2,1,300,0,0,1
1,27.75,0,1,0,1,0.585,0,0,1,0,0,0,0,0,0,0,0,0,0,0,500,1,0,0,0,0,0,0,0,1,0,0.25,1,2,0,260,0,0,1
1,54.58,1,0,0,0,9.415,0,0,0,0,0,1,0,0,0,0,0,0,0,0,300,1,0,0,1,0,0,0,0,0,0,14.415,1,11,1,30,0,0,1
1,34.17,1,0,0,0,9.17,0,1,0,0,0,0,0,0,0,0,0,0,0,0,221,1,0,0,0,0,0,0,0,1,0,4.5,1,12,1,0,0,0,1
1,28.92,1,0,0,0,15.0,0,1,0,0,0,0,0,0,0,0,0,0,0,0,2283,1,0,0,0,1,0,0,0,0,0,5.335,1,11,0,0,0,0,1
1,29.67,1,0,0,0,1.415,0,0,0,0,0,0,0,0,0,0,0,0,1,0,100,1,0,0,0,1,0,0,0,0,0,0.75,1,1,0,240,0,0,1
1,39.58,1,0,0,0,13.915,0,0,0,0,0,0,0,0,0,0,0,0,1,0,0,1,0,0,0,0,0,0,0,1,0,8.625,1,6,1,70,0,0,1
1,56.42,0,1,0,1,28.0,0,1,0,0,0,0,0,0,0,0,0,0,0,0,15,1,0,0,0,0,0,0,0,1,0,28.5,1,40,0,0,0,0,1
1,54.33,1,0,0,0,6.75,0,1,0,0,0,0,0,0,0,0,0,0,0,0,284,1,0,0,0,1,0,0,0,0,0,2.625,1,11,1,0,0,0,1
0,41,0,1,0,1,2.04,0,0,0,0,0,0,0,0,0,0,1,0,0,0,1236,1,0,0,0,1,0,0,0,0,0,0.125,1,23,1,455,0,0,1
1,31.92,1,0,0,0,4.46,0,0,1,0,0,0,0,0,0,0,0,0,0,0,300,1,0,0,0,1,0,0,0,0,0,6.04,1,3,0,311,0,0,1
1,41.5,1,0,0,0,1.54,0,0,0,0,0,0,1,0,0,0,0,0,0,0,0,0,1,0,0,0,0,0,0,0,0,3.5,0,0,0,216,0,0,1
1,23.92,1,0,0,0,0.665,0,1,0,0,0,0,0,0,0,0,0,0,0,0,0,0,0,0,0,0,0,0,0,1,0,0.165,0,0,0,100,0,0,1
0,25.75,1,0,0,0,0.5,0,1,0,0,0,0,0,0,0,0,0,0,0,0,0,0,0,0,0,1,0,0,0,0,0,0.875,1,0,1,491,0,0,1
1,26,1,0,0,0,1.0,0,0,0,0,0,0,0,0,0,0,1,0,0,0,0,0,0,0,0,0,0,0,0,1,0,1.75,1,0,1,280,0,0,1
1,37.42,1,0,0,0,2.04,0,0,0,0,0,0,0,0,0,0,0,0,1,0,5800,0,0,0,0,0,0,0,0,1,0,0.04,1,0,1,400,0,0,1
1,34.92,1,0,0,0,2.5,0,0,0,0,0,0,0,0,0,0,0,0,1,0,200,0,0,0,0,0,0,0,0,1,0,0.0,1,0,1,239,0,0,1
1,34.25,1,0,0,0,3.0,0,0,1,0,0,0,0,0,0,0,0,0,0,0,0,0,0,0,0,1,0,0,0,0,0,7.415,1,0,1,0,0,0,1
1,23.33,0,1,0,1,11.625,0,0,0,0,0,0,0,0,0,0,0,0,1,0,300,0,0,0,0,0,0,0,0,1,0,0.835,1,0,1,160,0,0,1
1,23.17,1,0,0,0,0.0,0,0,1,0,0,0,0,0,0,0,0,0,0,0,0,0,0,0,0,0,0,0,0,1,0,0.085,1,0,0,0,0,0,1
1,44.33,1,0,0,0,0.5,0,0,0,0,0,0,1,0,0,0,0,0,0,0,0,0,0,0,0,1,0,0,0,0,0,5.0,1,0,1,320,0,0,1
1,35.17,1,0,0,0,4.5,0,0,0,0,0,0,0,0,0,0,0,0,0,1,0,0,0,0,0,1,0,0,0,0,0,5.75,0,0,1,711,0,1,1
1,43.25,1,0,0,0,3.0,0,0,0,0,0,0,0,0,0,0,1,0,0,0,0,1,0,0,0,1,0,0,0,0,0,6.0,1,11,0,80,0,0,1
1,56.75,1,0,0,0,12.25,0,0,0,0,0,0,0,0,0,1,0,0,0,0,0,1,0,0,0,0,0,0,0,1,0,1.25,1,4,1,200,0,0,1
1,31.67,1,0,0,0,16.165,0,0,0,1,0,0,0,0,0,0,0,0,0,0,730,1,0,0,0,0,0,0,0,1,0,3.0,1,9,0,250,0,0,1
0,23.42,0,1,0,1,0.79,0,0,0,0,0,0,0,0,0,0,1,0,0,0,400,1,0,0,0,0,0,0,0,1,0,1.5,1,2,1,80,0,0,1
0,20.42,1,0,0,0,0.835,0,0,0,0,0,0,0,0,0,0,1,0,0,0,0,1,0,0,0,0,0,0,0,1,0,1.585,1,1,0,0,0,0,1
1,26.67,1,0,0,0,4.25,0,0,1,0,0,0,0,0,0,0,0,0,0,0,0,1,0,0,0,0,0,0,0,1,0,4.29,1,1,1,120,0,0,1
1,34.17,1,0,0,0,1.54,0,0,1,0,0,0,0,0,0,0,0,0,0,0,50000,1,0,0,0,0,0,0,0,1,0,1.54,1,1,1,520,0,0,1
0,36,1,0,0,0,1.0,0,1,0,0,0,0,0,0,0,0,0,0,0,0,456,1,0,0,0,0,0,0,0,1,0,2.0,1,11,0,0,0,0,1
1,25.5,1,0,0,0,0.375,0,0,0,0,0,0,0,0,0,1,0,0,0,0,15108,1,0,0,0,0,0,0,0,1,0,0.25,1,3,0,260,0,0,1
1,19.42,1,0,0,0,6.5,0,0,0,0,0,0,0,0,0,0,0,0,1,0,2954,1,0,0,0,1,0,0,0,0,0,1.46,1,7,0,80,0,0,1
1,35.17,1,0,0,0,25.125,0,0,0,0,0,0,0,0,0,0,0,0,0,1,500,1,0,0,0,1,0,0,0,0,0,1.625,1,1,1,515,0,0,1
1,32.33,1,0,0,0,7.5,0,0,0,0,1,0,0,0,0,0,0,0,0,0,0,0,1,0,0,0,0,0,0,0,0,1.585,1,0,1,420,0,1,0
1,34.83,1,0,0,0,4.0,0,0,0,1,0,0,0,0,0,0,0,0,0,0,0,0,1,0,0,0,0,0,0,0,0,12.5,1,0,1,186.928044,0,0,0
0,38.58,1,0,0,0,5.0,0,0,1,0,0,0,0,0,0,0,0,0,0,0,0,0,0,0,0,0,0,0,0,1,0,13.5,1,0,1,980,0,0,0
1,44.25,1,0,0,0,0.5,0,0,0,0,0,0,0,0,0,1,0,0,0,0,0,0,0,0,0,0,0,0,0,1,0,10.75,1,0,0,400,0,1,0
1,44.83,0,1,0,1,7.0,0,1,0,0,0,0,0,0,0,0,0,0,0,0,2,0,0,0,0,0,0,0,0,1,0,1.625,0,0,0,160,0,0,0
1,20.67,1,0,0,0,5.29,0,0,0,0,0,0,0,0,0,0,1,0,0,0,0,1,0,0,0,0,0,0,0,1,0,0.375,1,1,0,160,0,0,0
1,34.08,1,0,0,0,6.5,1,0,0,0,0,0,0,0,0,0,0,0,0,0,0,0,0,0,0,0,0,0,0,1,0,0.125,1,0,1,443,0,0,0
0,19.17,0,1,0,1,0.585,1,0,0,0,0,0,0,0,0,0,0,0,0,0,0,0,0,0,0,0,0,0,0,1,0,0.585,1,0,1,160,0,0,0
1,21.67,0,1,0,1,1.165,0,0,0,0,0,0,0,0,1,0,0,0,0,0,20,1,0,0,0,0,0,0,0,1,0,2.5,1,1,0,180,0,0,0
1,21.5,1,0,0,0,9.75,0,1,0,0,0,0,0,0,0,0,0,0,0,0,0,0,0,0,0,0,0,0,0,1,0,0.25,1,0,0,140,0,0,0
1,49.58,1,0,0,0,19.0,0,0,0,0,0,1,0,0,0,0,0,0,0,0,0,1,0,0,1,0,0,0,0,0,0,0.0,1,1,0,94,0,0,0
0,27.67,1,0,0,0,1.5,0,0,0,0,0,0,0,0,0,1,0,0,0,0,0,0,0,0,0,0,0,0,0,1,0,2.0,1,0,0,368,0,1,0
1,39.83,1,0,0,0,0.5,0,0,0,0,0,0,0,0,0,1,0,0,0,0,0,0,0,0,0,0,0,0,0,1,0,0.25,1,0,0,288,0,1,0
0,31.976661,1,0,0,0,3.5,0,0,0,1,0,0,0,0,0,0,0,0,0,0,0,0,0,0,0,0,0,0,0,1,0,3.0,1,0,1,300,0,0,0
1,27.25,1,0,0,0,0.625,1,0,0,0,0,0,0,0,0,0,0,0,0,0,0,0,0,0,0,0,0,0,0,1,0,0.455,1,0,1,200,0,0,0
1,37.17,1,0,0,0,4.0,0,1,0,0,0,0,0,0,0,0,0,0,0,0,0,0,1,0,0,0,0,0,0,0,0,5.0,1,0,1,280,0,1,0
1,31.976661,1,0,0,0,0.375,0,0,0,1,0,0,0,0,0,0,0,0,0,0,0,0,0,0,0,0,0,0,0,1,0,0.875,1,0,1,928,0,1,0
1,25.67,0,1,0,1,2.21,1,0,0,0,0,0,0,0,0,0,0,0,0,0,0,0,0,0,0,0,0,0,0,1,0,4.0,1,0,0,188,0,0,0
1,34,1,0,0,0,4.5,1,0,0,0,0,0,0,0,0,0,0,0,0,0,0,0,0,0,0,0,0,0,0,1,0,1.0,1,0,1,240,0,0,0
0,49,1,0,0,0,1.5,0,0,0,0,0,0,0,1,0,0,0,0,0,0,27,0,0,0,0,0,1,0,0,0,0,0.0,1,0,1,100,0,0,0
1,62.5,0,1,0,1,12.75,0,1,0,0,0,0,0,0,0,0,0,0,0,0,0,0,0,0,0,1,0,0,0,0,0,5.0,1,0,0,112,0,0,0
1,31.42,1,0,0,0,15.5,0,1,0,0,0,0,0,0,0,0,0,0,0,0,0,0,0,0,0,0,0,0,0,1,0,0.5,1,0,0,120,0,0,0
1,31.976661,0,1,0,1,5.0,1,0,0,0,0,0,0,0,0,0,0,0,0,0,0,0,0,0,0,0,0,0,0,1,0,8.5,1,0,0,0,0,0,0
1,52.33,0,1,0,1,1.375,0,1,0,0,0,0,0,0,0,0,0,0,0,0,100,0,0,0,0,1,0,0,0,0,0,9.46,1,0,1,200,0,0,0
1,28.75,0,1,0,1,1.5,0,1,0,0,0,0,0,0,0,0,0,0,0,0,225,0,0,0,0,0,0,0,0,1,0,1.5,1,0,1,0,0,0,0
0,28.58,1,0,0,0,3.54,0,0,0,0,0,0,1,0,0,0,0,0,0,0,0,0,1,0,0,0,0,0,0,0,0,0.5,1,0,1,171,0,0,0
1,23,0,1,0,1,0.625,1,0,0,0,0,0,0,0,0,0,0,0,0,0,1,0,0,0,0,0,0,0,0,1,0,0.125,1,0,0,180,0,0,0
1,31.976661,1,0,0,0,0.5,0,1,0,0,0,0,0,0,0,0,0,0,0,0,0,0,1,0,0,0,0,0,0,0,0,0.835,1,0,1,320,0,1,0
0,22.5,0,1,0,1,11.0,0,0,0,0,0,0,0,0,0,0,1,0,0,0,0,0,0,0,0,0,0,0,0,1,0,3.0,1,0,1,268,0,0,0
0,28.5,1,0,0,0,1.0,0,0,0,0,0,0,0,0,0,0,1,0,0,0,500,1,0,0,0,0,0,0,0,1,0,1.0,1,2,1,167,0,0,0
1,37.5,0,1,0,1,1.75,0,1,0,0,0,0,0,0,0,0,0,0,0,0,400,0,1,0,0,0,0,0,0,0,0,0.25,1,0,1,164,0,0,0
1,35.25,0,1,0,1,16.5,0,1,0,0,0,0,0,0,0,0,0,0,0,0,0,0,0,0,0,0,0,0,0,1,0,4.0,1,0,0,80,0,0,0
1,18.67,1,0,0,0,5.0,0,0,0,0,0,0,0,0,0,0,1,0,0,0,38,1,0,0,0,0,0,0,0,1,0,0.375,1,2,0,0,0,0,0
1,25,1,0,0,0,12.0,0,0,0,0,0,0,0,0,1,0,0,0,0,0,5,1,0,0,0,0,0,0,0,1,0,2.25,1,2,1,120,0,0,0
1,27.83,0,1,0,1,4.0,0,0,0,0,0,0,1,0,0,0,0,0,0,0,0,1,0,0,0,1,0,0,0,0,0,5.75,1,2,1,75,0,0,0
1,54.83,1,0,0,0,15.5,0,0,0,0,1,0,0,0,0,0,0,0,0,0,130,1,0,0,0,0,0,0,0,0,1,0.0,1,20,0,152,0,0,0
1,28.75,1,0,0,0,1.165,0,0,0,0,0,0,0,0,1,0,0,0,0,0,0,0,0,0,0,0,0,0,0,1,0,0.5,1,0,0,280,0,1,0
0,25,0,1,0,1,11.0,1,0,0,0,0,0,0,0,0,0,0,0,0,0,0,0,0,0,0,0,0,0,0,1,0,4.5,1,0,0,120,0,0,0
1,40.92,0,1,0,1,2.25,0,0,0,0,0,0,0,0,0,0,0,0,0,1,0,0,0,0,0,1,0,0,0,0,0,10.0,1,0,1,176,0,0,0
0,19.75,1,0,0,0,0.75,0,1,0,0,0,0,0,0,0,0,0,0,0,0,5,1,0,0,0,0,0,0,0,1,0,0.795,1,5,1,140,0,0,0
1,29.17,1,0,0,0,3.5,0,0,0,0,0,0,0,0,0,0,0,0,1,0,0,1,0,0,0,0,0,0,0,1,0,3.5,1,3,1,329,0,0,0
0,24.5,0,1,0,1,1.04,0,0,0,0,0,1,0,0,0,0,0,0,0,0,147,1,0,0,1,0,0,0,0,0,0,0.5,1,3,0,180,0,0,0
1,24.58,1,0,0,0,12.5,0,0,0,0,0,0,0,0,0,0,0,0,1,0,0,0,0,0,0,0,0,0,0,1,0,0.875,1,0,1,260,0,0,0
0,33.75,1,0,0,0,0.75,0,0,0,0,0,0,0,0,1,0,0,0,0,0,0,1,1,0,0,0,0,0,0,0,0,1.0,1,3,1,212,0,0,0
1,20.67,0,1,0,1,1.25,0,1,0,0,0,0,0,0,0,0,0,0,0,0,210,1,0,0,0,1,0,0,0,0,0,1.375,1,3,1,140,0,0,0
0,25.42,1,0,0,0,1.125,0,0,0,0,0,0,0,0,0,0,1,0,0,0,0,1,0,0,0,0,0,0,0,1,0,1.29,1,2,0,200,0,0,0
1,37.75,1,0,0,0,7.0,0,0,0,0,0,0,0,0,0,0,1,0,0,0,5,1,0,0,0,1,0,0,0,0,0,11.5,1,7,1,300,0,0,0
1,52.5,1,0,0,0,6.5,0,0,0,0,0,0,0,0,1,0,0,0,0,0,11202,1,0,0,0,0,0,0,0,1,0,6.29,1,15,0,0,0,0,1
1,57.83,1,0,0,0,7.04,0,0,0,0,0,0,0,0,0,1,0,0,0,0,1332,1,0,0,0,0,0,0,0,1,0,14.0,1,6,1,360,0,0,1
0,20.75,1,0,0,0,10.335,0,0,1,0,0,0,0,0,0,0,0,0,0,0,50,1,0,0,0,1,0,0,0,0,0,0.335,1,1,1,80,0,0,1
1,39.92,1,0,0,0,6.21,0,0,0,0,0,0,0,0,0,0,1,0,0,0,300,1,0,0,0,0,0,0,0,1,0,0.04,1,1,0,200,0,0,1
1,25.67,1,0,0,0,12.5,0,0,1,0,0,0,0,0,0,0,0,0,0,0,258,1,0,0,0,0,0,0,0,1,0,1.21,1,67,1,140,0,0,1
0,24.75,1,0,0,0,12.5,1,0,0,0,0,0,0,0,0,0,0,0,0,0,567,1,0,0,0,0,0,0,0,1,0,1.5,1,12,1,120,0,0,1
0,44.17,1,0,0,0,6.665,0,0,0,0,0,0,0,0,0,0,1,0,0,0,0,1,0,0,0,0,0,0,0,1,0,7.375,1,3,1,0,0,0,1
0,23.5,1,0,0,0,9.0,0,0,0,0,0,0,0,0,0,0,1,0,0,0,0,1,0,0,0,0,0,0,0,1,0,8.5,1,5,1,120,0,0,1
1,34.92,1,0,0,0,5.0,0,0,0,0,0,0,0,0,0,0,0,0,0,1,1000,1,0,0,0,1,0,0,0,0,0,7.5,1,6,1,0,0,0,1
1,47.67,1,0,0,0,2.5,0,0,0,0,0,0,0,0,0,1,0,0,0,0,2510,1,1,0,0,0,0,0,0,0,0,2.5,1,12,1,410,0,0,1
1,22.75,1,0,0,0,11.0,0,0,0,0,0,0,0,0,0,0,1,0,0,0,809,1,0,0,0,0,0,0,0,1,0,2.5,1,7,1,100,0,0,1
1,34.42,1,0,0,0,4.25,0,0,0,0,0,0,1,0,0,0,0,0,0,0,610,1,1,0,0,0,0,0,0,0,0,3.25,1,2,0,274,0,0,1
0,28.42,1,0,0,0,3.5,0,0,0,0,0,0,0,0,0,0,0,0,1,0,0,0,0,0,0,0,0,0,0,1,0,0.835,1,0,0,280,0,1,1
1,67.75,1,0,0,0,5.5,0,0,0,0,1,0,0,0,0,0,0,0,0,0,0,1,0,0,0,0,0,0,0,0,1,13.0,1,1,1,0,0,0,1
1,20.42,1,0,0,0,1.835,0,1,0,0,0,0,0,0,0,0,0,0,0,0,150,1,0,0,0,0,0,0,0,1,0,2.25,1,1,0,100,0,0,1
0,47.42,1,0,0,0,8.0,0,0,0,0,1,0,0,0,0,0,0,0,0,0,51100,1,1,0,0,0,0,0,0,0,0,6.5,1,6,0,375,0,0,1
1,36.25,1,0,0,0,5.0,0,1,0,0,0,0,0,0,0,0,0,0,0,0,367,1,1,0,0,0,0,0,0,0,0,2.5,1,6,0,0,0,0,1
1,32.67,1,0,0,0,5.5,0,0,0,0,0,0,0,0,0,0,1,0,0,0,1000,1,0,0,0,1,0,0,0,0,0,5.5,1,12,1,408,0,0,1
1,48.58,1,0,0,0,6.5,0,0,0,0,0,0,0,0,0,0,1,0,0,0,0,0,0,0,0,1,0,0,0,0,0,6.0,1,0,1,350,0,0,1
1,39.92,0,1,0,1,0.54,1,0,0,0,0,0,0,0,0,0,0,0,0,0,1000,1,0,0,0,0,0,0,0,1,0,0.5,1,3,0,200,0,0,1
1,33.58,1,0,0,0,2.75,0,0,0,0,0,0,0,0,0,1,0,0,0,0,0,1,0,0,0,0,0,0,0,1,0,4.25,1,6,0,204,0,0,1
0,18.83,1,0,0,0,9.5,0,0,0,0,0,0,0,0,0,0,0,0,1,0,600,1,0,0,0,0,0,0,0,1,0,1.625,1,6,1,40,0,0,1
0,26.92,1,0,0,0,13.5,0,0,0,0,0,0,0,0,0,0,1,0,0,0,5000,1,0,0,0,1,0,0,0,0,0,5.0,1,2,0,0,0,0,1
0,31.25,1,0,0,0,3.75,0,0,1,0,0,0,0,0,0,0,0,0,0,0,0,1,0,0,0,1,0,0,0,0,0,0.625,1,9,1,181,0,0,1
0,56.5,1,0,0,0,16.0,0,0,0,0,0,0,0,1,0,0,0,0,0,0,247,1,0,0,1,0,0,0,0,0,0,0.0,1,15,0,0,0,0,1
1,43,0,1,0,1,0.29,0,0,1,0,0,0,0,0,0,0,0,0,0,0,375,1,0,0,0,1,0,0,0,0,0,1.75,1,8,0,100,0,0,1
1,22.33,1,0,0,0,11.0,0,0,0,0,0,0,0,0,0,0,0,0,1,0,278,1,0,0,0,0,0,0,0,1,0,2.0,1,1,0,80,0,0,1
1,27.25,1,0,0,0,1.665,0,0,1,0,0,0,0,0,0,0,0,0,0,0,827,1,0,0,0,1,0,0,0,0,0,5.085,1,9,0,399,0,0,1
1,32.83,1,0,0,0,2.5,0,0,1,0,0,0,0,0,0,0,0,0,0,0,2072,1,0,0,0,1,0,0,0,0,0,2.75,1,6,0,160,0,0,1
1,23.25,1,0,0,0,1.5,0,0,0,0,0,0,0,0,0,0,1,0,0,0,582,1,0,0,0,0,0,0,0,1,0,2.375,1,3,1,0,0,0,1
0,40.33,0,1,0,1,7.54,0,0,0,0,0,0,0,0,0,0,1,0,0,0,2300,1,0,0,0,1,0,0,0,0,0,8.0,1,14,0,0,0,0,1
0,30.5,1,0,0,0,6.5,0,1,0,0,0,0,0,0,0,0,0,0,0,0,3065,1,1,0,0,0,0,0,0,0,0,4.0,1,7,1,0,0,0,1
0,52.83,1,0,0,0,15.0,0,1,0,0,0,0,0,0,0,0,0,0,0,0,2200,1,0,0,0,0,0,0,0,1,0,5.5,1,14,0,0,0,0,1
0,46.67,1,0,0,0,0.46,0,0,1,0,0,0,0,0,0,0,0,0,0,0,6,1,0,0,0,1,0,0,0,0,0,0.415,1,11,1,440,0,0,1
0,58.33,1,0,0,0,10.0,0,0,0,0,0,0,0,0,0,0,1,0,0,0,1602,1,0,0,0,0,0,0,0,1,0,4.0,1,14,0,0,0,0,1
1,37.33,1,0,0,0,6.5,0,0,0,0,0,0,0,0,0,1,0,0,0,0,0,1,0,0,0,1,0,0,0,0,0,4.25,1,12,1,93,0,0,1
1,23.08,1,0,0,0,2.5,0,1,0,0,0,0,0,0,0,0,0,0,0,0,2184,1,0,0,0,0,0,0,0,1,0,1.085,1,11,1,60,0,0,1
1,32.75,1,0,0,0,1.5,0,0,1,0,0,0,0,0,0,0,0,0,0,0,0,1,0,0,0,1,0,0,0,0,0,5.5,1,3,1,0,0,0,1
0,21.67,0,1,0,1,11.5,0,0,0,0,0,0,0,1,0,0,0,0,0,0,0,1,0,0,0,0,1,0,0,0,0,0.0,1,11,1,0,0,0,1
0,28.5,0,1,0,1,3.04,0,0,0,0,0,0,0,0,0,0,0,0,0,1,0,1,0,0,0,1,0,0,0,0,0,2.54,1,1,0,70,0,0,1
0,68.67,1,0,0,0,15.0,0,0,0,0,1,0,0,0,0,0,0,0,0,0,3376,1,0,0,0,0,0,0,0,0,1,0.0,1,14,0,0,0,0,1
1,28,1,0,0,0,2.0,0,0,0,0,0,0,0,0,1,0,0,0,0,0,0,1,0,0,0,1,0,0,0,0,0,4.165,1,2,1,181,0,0,1
1,34.08,0,1,0,1,0.08,0,0,0,0,0,0,0,0,0,1,0,0,0,0,2000,1,1,0,0,0,0,0,0,0,0,0.04,1,1,1,280,0,0,1
1,27.67,1,0,0,0,2.0,0,0,0,0,0,0,0,0,0,0,0,0,0,1,7544,1,0,0,0,1,0,0,0,0,0,1.0,1,4,0,140,0,0,1
1,44,1,0,0,0,2.0,0,0,0,0,0,0,0,0,0,1,0,0,0,0,15,1,0,0,0,0,0,0,0,1,0,1.75,1,2,1,0,0,0,1
1,25.08,1,0,0,0,1.71,0,0,0,0,0,0,0,0,0,0,0,0,0,1,20,1,0,0,0,0,0,0,0,1,0,1.665,1,1,1,395,0,0,1
1,32,0,1,0,1,1.75,0,0,0,0,1,0,0,0,0,0,0,0,0,0,0,0,0,0,0,1,0,0,0,0,0,0.04,1,0,1,393,0,0,1
0,60.58,1,0,0,0,16.5,0,0,0,0,0,0,0,0,0,0,1,0,0,0,10561,0,0,0,0,0,0,0,0,1,0,11.0,1,0,1,21,0,0,1
0,40.83,1,0,0,0,10.0,0,0,0,0,0,0,0,0,0,0,1,0,0,0,837,0,0,0,0,1,0,0,0,0,0,1.75,1,0,0,29,0,0,1
1,19.33,1,0,0,0,9.5,0,0,0,0,0,0,0,0,0,0,1,0,0,0,400,0,0,0,0,0,0,0,0,1,0,1.0,1,0,1,60,0,0,1
0,32.33,1,0,0,0,0.54,0,0,1,0,0,0,0,0,0,0,0,0,0,0,11177,0,0,0,0,0,0,0,0,1,0,0.04,1,0,0,440,0,0,1
1,36.67,1,0,0,0,3.25,0,0,0,0,0,0,0,0,0,0,1,0,0,0,639,0,0,0,0,1,0,0,0,0,0,9.0,1,0,1,102,0,0,1
1,37.5,0,1,0,1,1.125,0,0,0,1,0,0,0,0,0,0,0,0,0,0,0,0,0,0,0,0,0,0,0,1,0,1.5,0,0,1,431,0,0,1
0,25.08,0,1,0,1,2.54,1,0,0,0,0,0,0,0,0,0,0,0,0,0,0,0,0,0,0,0,0,0,0,1,0,0.25,1,0,1,370,0,0,1
1,41.33,1,0,0,0,0.0,0,1,0,0,0,0,0,0,0,0,0,0,0,0,0,0,1,0,0,0,0,0,0,0,0,15.0,1,0,0,0,0,0,1
1,56,1,0,0,0,12.5,0,0,0,0,0,0,0,0,1,0,0,0,0,0,2028,0,0,0,0,1,0,0,0,0,0,8.0,1,0,1,24,0,0,1
0,49.83,1,0,0,0,13.585,0,0,0,0,0,0,0,0,1,0,0,0,0,0,0,0,0,0,0,1,0,0,0,0,0,8.5,1,0,1,0,0,0,1
1,22.67,1,0,0,0,10.5,0,0,0,0,0,0,0,0,0,0,1,0,0,0,0,0,0,0,0,1,0,0,0,0,0,1.335,1,0,0,100,0,0,1
1,27,0,1,0,1,1.5,0,0,0,0,0,0,0,0,0,0,0,0,1,0,1065,0,0,0,0,0,0,0,0,1,0,0.375,1,0,1,260,0,0,1
1,25,1,0,0,0,12.5,1,0,0,0,0,0,0,0,0,0,0,0,0,0,0,0,0,0,0,0,0,0,0,1,0,3.0,1,0,1,20,0,1,1
0,26.08,1,0,0,0,8.665,1,0,0,0,0,0,0,0,0,0,0,0,0,0,150,0,0,0,0,0,0,0,0,1,0,1.415,1,0,0,160,0,0,1
0,18.42,1,0,0,0,9.25,0,0,0,0,0,0,0,0,0,0,1,0,0,0,540,1,0,0,0,0,0,0,0,1,0,1.21,1,4,0,60,0,0,1
1,20.17,1,0,0,0,8.17,1,0,0,0,0,0,0,0,0,0,0,0,0,0,158,1,0,0,0,0,0,0,0,1,0,1.96,1,14,0,60,0,0,1
1,47.67,1,0,0,0,0.29,0,1,0,0,0,0,0,0,0,0,0,0,0,0,15000,1,1,0,0,0,0,0,0,0,0,15.0,1,20,0,0,0,0,1
0,21.25,1,0,0,0,2.335,0,0,0,0,0,0,1,0,0,0,0,0,0,0,0,1,1,0,0,0,0,0,0,0,0,0.5,1,4,0,80,0,1,1
0,20.67,1,0,0,0,3.0,0,0,0,0,0,0,0,0,0,0,1,0,0,0,6,1,0,0,0,0,0,0,0,1,0,0.165,1,3,0,100,0,0,1
0,57.08,1,0,0,0,19.5,0,1,0,0,0,0,0,0,0,0,0,0,0,0,3000,1,0,0,0,0,0,0,0,1,0,5.5,1,7,0,0,0,0,1
0,22.42,1,0,0,0,5.665,0,0,0,0,0,0,0,0,0,0,1,0,0,0,3257,1,0,0,0,0,0,0,0,1,0,2.585,1,7,0,129,0,0,1
1,48.75,1,0,0,0,8.5,0,1,0,0,0,0,0,0,0,0,0,0,0,0,1655,1,0,0,0,1,0,0,0,0,0,12.5,1,9,0,181,0,0,1
1,40,1,0,0,0,6.5,1,0,0,0,0,0,0,0,0,0,0,0,0,0,500,1,1,0,0,0,0,0,0,0,0,3.5,1,1,0,0,0,0,1
1,40.58,1,0,0,0,5.0,0,1,0,0,0,0,0,0,0,0,0,0,0,0,3065,1,0,0,0,0,0,0,0,1,0,5.0,1,7,0,0,0,0,1
0,28.67,1,0,0,0,1.04,0,1,0,0,0,0,0,0,0,0,0,0,0,0,1430,1,0,0,0,0,0,0,0,1,0,2.5,1,5,1,300,0,0,1
0,33.08,1,0,0,0,4.625,0,0,0,0,0,0,0,0,0,0,1,0,0,0,0,1,0,0,0,1,0,0,0,0,0,1.625,1,2,0,0,0,0,1
1,21.33,1,0,0,0,10.5,0,1,0,0,0,0,0,0,0,0,0,0,0,0,0,0,0,0,0,0,0,0,0,1,0,3.0,1,0,1,0,0,0,1
1,42,1,0,0,0,0.205,0,0,0,0,0,0,1,0,0,0,0,0,0,0,0,0,0,0,0,1,0,0,0,0,0,5.125,1,0,0,400,0,0,1
1,41.75,1,0,0,0,0.96,0,0,0,0,0,0,0,0,0,0,0,0,0,1,600,0,0,0,0,0,0,0,0,1,0,2.5,1,0,0,510,0,0,1
1,22.67,0,1,0,1,1.585,0,0,0,0,0,0,0,0,0,0,0,0,1,0,0,1,0,0,0,0,0,0,0,1,0,3.085,1,6,0,80,0,0,1
1,34.5,0,1,0,1,4.04,0,0,0,0,0,0,1,0,0,0,0,0,0,0,0,1,1,0,0,0,0,0,0,0,0,8.5,1,7,1,195,0,0,1
1,28.25,0,1,0,1,5.04,0,1,0,0,0,0,0,0,0,0,0,0,0,0,7,1,1,0,0,0,0,0,0,0,0,1.5,1,8,1,144,0,0,1
1,33.17,0,1,0,1,3.165,0,0,0,0,0,0,0,0,0,0,0,0,0,1,0,1,0,0,0,0,0,0,0,1,0,3.165,1,3,1,380,0,0,1
1,48.17,1,0,0,0,7.625,0,0,0,0,0,0,0,0,0,0,0,0,1,0,790,1,0,0,0,1,0,0,0,0,0,15.5,1,12,0,0,0,0,1
1,27.58,0,1,0,1,2.04,1,0,0,0,0,0,0,0,0,0,0,0,0,0,560,1,0,0,0,0,0,0,0,1,0,2.0,1,3,1,370,0,0,1
1,22.58,1,0,0,0,10.04,0,0,0,0,0,0,0,0,0,0,0,0,0,1,396,1,0,0,0,0,0,0,0,1,0,0.04,1,9,0,60,0,0,1
0,24.08,1,0,0,0,0.5,0,0,0,0,0,0,0,0,0,0,1,0,0,0,678,1,0,0,0,1,0,0,0,0,0,1.25,1,1,0,0,0,0,1
0,41.33,1,0,0,0,1.0,0,0,0,0,0,0,1,0,0,0,0,0,0,0,300,0,1,0,0,0,0,0,0,0,0,2.25,1,0,1,0,0,0,1
1,24.83,1,0,0,0,2.75,0,1,0,0,0,0,0,0,0,0,0,0,0,0,600,1,0,0,0,0,0,0,0,1,0,2.25,1,6,0,186.928044,0,0,1
0,20.75,1,0,0,0,10.25,0,0,0,0,0,0,0,0,0,0,1,0,0,0,0,1,0,0,0,0,0,0,0,1,0,0.71,1,2,1,49,0,0,1
1,36.33,0,1,0,1,2.125,0,0,0,0,0,0,0,0,0,0,0,0,1,0,1187,1,0,0,0,0,0,0,0,1,0,0.085,1,1,0,50,0,0,1
0,35.42,1,0,0,0,12.0,0,0,0,0,0,0,0,0,0,0,1,0,0,0,6590,1,0,0,0,1,0,0,0,0,0,14.0,1,8,0,0,0,0,1
0,71.58,1,0,0,0,0.0,0,1,0,0,0,0,0,0,0,0,0,0,0,0,0,0,0,0,0,0,0,0,0,1,0,0.0,0,0,0,186.928044,1,0,1
1,28.67,1,0,0,0,9.335,0,0,0,0,0,0,0,0,0,0,1,0,0,0,168,1,0,0,0,1,0,0,0,0,0,5.665,1,6,0,381,0,0,1
1,35.17,1,0,0,0,2.5,0,0,0,0,0,0,0,0,1,0,0,0,0,0,1270,1,0,0,0,0,0,0,0,1,0,4.5,1,7,0,150,0,0,1
1,39.5,1,0,0,0,4.25,0,1,0,0,0,0,0,0,0,0,0,0,0,0,1210,1,1,0,0,0,0,0,0,0,0,6.5,1,16,0,117,0,0,1
1,39.33,1,0,0,0,5.875,0,0,1,0,0,0,0,0,0,0,0,0,0,0,0,1,0,0,0,1,0,0,0,0,0,10.0,1,14,1,399,0,0,1
1,24.33,0,1,0,1,6.625,0,0,0,1,0,0,0,0,0,0,0,0,0,0,0,0,0,0,0,0,0,0,0,1,0,5.5,1,0,1,100,0,1,1
1,60.08,1,0,0,0,14.5,0,0,0,0,0,1,0,0,0,0,0,0,0,0,1000,1,0,0,1,0,0,0,0,0,0,18.0,1,15,1,0,0,0,1
1,23.08,1,0,0,0,11.5,0,0,0,0,0,0,1,0,0,0,0,0,0,0,742,1,0,0,0,0,0,0,0,1,0,3.5,1,9,0,56,0,0,1
1,26.67,0,1,0,1,2.71,0,0,1,0,0,0,0,0,0,0,0,0,0,0,0,1,0,0,0,0,0,0,0,1,0,5.25,1,1,0,211,0,0,1
1,48.17,1,0,0,0,3.5,1,0,0,0,0,0,0,0,0,0,0,0,0,0,0,0,0,0,0,0,0,0,0,1,0,3.5,1,0,0,230,0,1,1
1,41.17,1,0,0,0,4.04,0,0,1,0,0,0,0,0,0,0,0,0,0,0,0,1,0,0,0,1,0,0,0,0,0,7.0,1,8,0,320,0,0,1
1,55.92,1,0,0,0,11.5,0,0,0,0,0,1,0,0,0,0,0,0,0,0,8851,1,0,0,1,0,0,0,0,0,0,5.0,1,5,0,0,0,0,1
1,53.92,1,0,0,0,9.625,0,0,0,0,1,0,0,0,0,0,0,0,0,0,0,1,0,0,0,0,0,0,0,1,0,8.665,1,5,0,0,0,0,1
0,18.92,0,1,0,1,9.25,0,1,0,0,0,0,0,0,0,0,0,0,0,0,500,1,0,0,0,0,0,0,0,1,0,1.0,1,4,1,80,0,0,1
0,50.08,1,0,0,0,12.54,1,0,0,0,0,0,0,0,0,0,0,0,0,0,0,1,0,0,0,0,0,0,0,1,0,2.29,1,3,1,156,0,0,1
1,65.42,1,0,0,0,11.0,0,0,0,0,1,0,0,0,0,0,0,0,0,0,0,1,0,0,0,0,0,0,0,0,1,20.0,1,7,1,22,0,0,1
0,17.58,1,0,0,0,9.0,1,0,0,0,0,0,0,0,0,0,0,0,0,0,0,0,0,0,0,0,0,0,0,1,0,1.375,1,0,1,0,0,0,1
0,18.83,1,0,0,0,9.54,1,0,0,0,0,0,0,0,0,0,0,0,0,0,0,0,0,0,0,0,0,0,0,1,0,0.085,1,0,0,100,0,0,1
0,37.75,1,0,0,0,5.5,0,0,0,0,0,0,0,0,0,0,1,0,0,0,0,0,0,0,0,0,0,0,0,1,0,0.125,1,0,1,228,0,0,1
1,23.25,1,0,0,0,4.0,0,1,0,0,0,0,0,0,0,0,0,0,0,0,0,0,1,0,0,0,0,0,0,0,0,0.25,1,0,1,160,0,0,1
1,18.08,1,0,0,0,5.5,0,0,0,0,0,0,0,0,1,0,0,0,0,0,0,0,0,0,0,0,0,0,0,1,0,0.5,1,0,0,80,0,0,1
0,22.5,0,1,0,1,8.46,0,0,0,0,0,0,0,0,0,0,0,0,0,1,0,0,0,0,0,0,0,0,0,1,0,2.46,0,0,0,164,0,0,1
1,19.67,1,0,0,0,0.375,0,0,0,0,0,0,0,0,0,0,1,0,0,0,0,1,0,0,0,0,0,0,0,1,0,2.0,1,2,1,80,0,0,1
1,22.08,1,0,0,0,11.0,0,0,1,0,0,0,0,0,0,0,0,0,0,0,0,0,0,0,0,0,0,0,0,1,0,0.665,1,0,0,100,0,0,1
1,25.17,1,0,0,0,3.5,0,0,1,0,0,0,0,0,0,0,0,0,0,0,7059,1,0,0,0,0,0,0,0,1,0,0.625,1,7,0,0,0,0,1
0,47.42,1,0,0,0,3.0,0,0,0,0,0,0,0,0,0,0,0,0,0,1,1704,1,0,0,0,0,0,0,0,1,0,13.875,1,2,1,519,0,0,1
1,33.5,1,0,0,0,1.75,0,0,0,0,0,0,0,0,0,0,0,0,0,1,857,1,0,0,0,1,0,0,0,0,0,4.5,1,4,1,253,0,0,1
1,27.67,1,0,0,0,13.75,0,0,0,0,0,0,0,0,0,0,0,0,1,0,500,0,0,0,0,0,0,0,0,1,0,5.75,1,0,1,487,0,0,1
0,58.42,1,0,0,0,21.0,0,0,0,0,0,0,1,0,0,0,0,0,0,0,6700,1,1,0,0,0,0,0,0,0,0,10.0,1,13,0,0,0,0,1
0,20.67,1,0,0,0,1.835,0,0,0,0,0,0,0,0,0,0,1,0,0,0,2503,1,0,0,0,0,0,0,0,1,0,2.085,1,5,0,220,0,0,1
1,26.17,1,0,0,0,0.25,0,0,0,0,0,0,1,0,0,0,0,0,0,0,0,0,1,0,0,0,0,0,0,0,0,0.0,1,0,1,0,0,0,1
1,21.33,1,0,0,0,7.5,1,0,0,0,0,0,0,0,0,0,0,0,0,0,9800,1,0,0,0,0,0,0,0,1,0,1.415,1,1,0,80,0,0,1
1,42.83,1,0,0,0,4.625,0,0,0,0,0,0,0,0,0,0,1,0,0,0,0,0,0,0,0,0,0,0,0,1,0,4.58,1,0,0,0,0,1,1
1,38.17,1,0,0,0,10.125,0,0,0,0,0,0,0,0,0,0,0,0,0,1,196,1,0,0,0,0,0,0,0,1,0,2.5,1,6,0,520,0,0,1
1,20.5,0,1,0,1,10.0,0,1,0,0,0,0,0,0,0,0,0,0,0,0,0,0,0,0,0,0,0,0,0,1,0,2.5,1,0,0,40,0,1,1
1,48.25,1,0,0,0,25.085,0,0,0,0,0,0,0,0,0,0,0,0,1,0,14,1,0,0,0,0,0,0,0,1,0,1.75,1,3,0,120,0,0,1
1,28.33,1,0,0,0,5.0,0,0,0,0,0,0,0,0,0,0,0,0,1,0,0,0,0,0,0,0,0,0,0,1,0,11.0,1,0,1,70,0,0,1
0,18.75,1,0,0,0,7.5,0,0,0,0,0,0,0,0,0,0,1,0,0,0,26726,1,0,0,0,0,0,0,0,1,0,2.71,1,5,0,186.928044,0,0,1
1,18.5,1,0,0,0,2.0,0,0,0,0,0,0,1,0,0,0,0,0,0,0,300,1,0,0,0,0,0,0,0,1,0,1.5,1,2,0,120,0,0,1
1,33.17,0,1,0,1,3.04,0,1,0,0,0,0,0,0,0,0,0,0,0,0,18027,1,0,0,0,1,0,0,0,0,0,2.04,1,1,1,180,0,0,1
1,45,1,0,0,0,8.5,0,0,1,0,0,0,0,0,0,0,0,0,0,0,2000,1,0,0,0,1,0,0,0,0,0,14.0,1,1,1,88,0,0,1
0,19.67,1,0,0,0,0.21,0,0,0,0,0,0,0,0,0,0,1,0,0,0,99,1,0,0,0,1,0,0,0,0,0,0.29,1,11,0,80,0,0,1
1,24.5,1,0,0,0,12.75,0,1,0,0,0,0,0,0,0,0,0,0,0,0,444,1,1,0,0,0,0,0,0,0,0,4.75,1,2,0,73,0,0,1
1,21.83,1,0,0,0,11.0,0,0,0,0,0,0,0,0,0,0,0,0,0,1,0,1,0,0,0,0,0,0,0,1,0,0.29,1,6,0,121,0,0,1
1,40.25,1,0,0,0,21.5,0,0,0,0,1,0,0,0,0,0,0,0,0,0,1200,1,0,0,0,0,0,0,0,0,1,20.0,1,11,0,0,0,0,1
1,41.42,1,0,0,0,5.0,0,0,0,0,0,0,0,0,0,0,1,0,0,0,0,1,0,0,0,1,0,0,0,0,0,5.0,1,6,1,470,0,0,1
0,17.83,1,0,0,0,11.0,0,0,0,0,0,0,0,0,0,0,0,0,0,1,3000,1,0,0,0,1,0,0,0,0,0,1.0,1,11,0,0,0,0,1
1,23.17,1,0,0,0,11.125,0,0,0,0,0,0,0,0,0,0,0,0,0,1,0,1,0,0,0,1,0,0,0,0,0,0.46,1,1,0,100,0,0,1
1,31.976661,1,0,0,0,0.625,0,0,0,0,0,0,0,0,1,0,0,0,0,0,2010,0,0,0,0,0,0,0,0,1,0,0.25,0,0,0,380,0,0,0
1,18.17,1,0,0,0,10.25,0,1,0,0,0,0,0,0,0,0,0,0,0,0,13,0,0,0,0,1,0,0,0,0,0,1.085,0,0,0,320,0,0,0
1,20,1,0,0,0,11.045,0,1,0,0,0,0,0,0,0,0,0,0,0,0,0,0,0,0,0,0,0,0,0,1,0,2.0,0,0,1,136,0,0,0
1,20,1,0,0,0,0.0,0,0,0,1,0,0,0,0,0,0,0,0,0,0,0,0,0,0,0,0,0,0,0,1,0,0.5,0,0,0,144,0,0,0
0,20.75,1,0,0,0,9.54,0,0,0,0,0,0,1,0,0,0,0,0,0,0,1000,0,0,0,0,0,0,0,0,1,0,0.04,0,0,0,200,0,0,0
0,24.5,0,1,0,1,1.75,0,1,0,0,0,0,0,0,0,0,0,0,0,0,0,0,0,0,0,0,0,0,0,1,0,0.165,0,0,0,132,0,0,0
1,32.75,1,0,0,0,2.335,0,0,0,1,0,0,0,0,0,0,0,0,0,0,0,0,0,0,0,1,0,0,0,0,0,5.75,0,0,1,292,0,0,0
0,52.17,0,1,0,1,0.0,0,0,0,0,0,1,0,0,0,0,0,0,0,0,0,0,0,0,1,0,0,0,0,0,0,0.0,0,0,0,0,0,0,0
0,48.17,1,0,0,0,1.335,0,0,0,0,0,0,1,0,0,0,0,0,0,0,120,0,0,0,0,0,0,0,1,0,0,0.335,0,0,0,0,0,0,0
0,20.42,0,1,0,1,10.5,0,0,0,0,0,0,0,0,0,0,0,0,0,1,32,0,0,0,0,1,0,0,0,0,0,0.0,0,0,1,154,0,0,0
1,50.75,1,0,0,0,0.585,0,0,0,0,0,1,0,0,0,0,0,0,0,0,0,0,0,0,1,0,0,0,0,0,0,0.0,0,0,0,145,0,0,0
1,17.08,0,1,0,1,0.085,0,1,0,0,0,0,0,0,0,0,0,0,0,0,722,0,0,0,0,0,0,0,0,1,0,0.04,0,0,0,140,0,0,0
1,18.33,0,1,0,1,1.21,0,0,0,0,1,0,0,0,0,0,0,0,0,0,0,0,0,1,0,0,0,0,0,0,0,0.0,0,0,0,100,0,0,0
0,32,1,0,0,0,6.0,0,0,0,1,0,0,0,0,0,0,0,0,0,0,0,0,0,0,0,0,0,0,0,1,0,1.25,0,0,0,272,0,0,0
1,59.67,1,0,0,0,1.54,0,0,0,0,0,0,0,0,0,0,1,0,0,0,0,0,0,0,0,0,0,0,0,1,0,0.125,1,0,1,260,0,0,1
1,18,1,0,0,0,0.165,0,0,0,0,0,0,0,0,0,0,1,0,0,0,40,0,0,0,0,0,0,1,0,0,0,0.21,0,0,0,200,0,0,1
1,37.58,1,0,0,0,0.0,0,1,0,0,0,0,0,0,0,0,0,0,0,0,0,0,0,0,0,0,0,0,0,1,0,0.0,0,0,0,186.928044,1,0,1
1,32.33,1,0,0,0,2.5,0,1,0,0,0,0,0,0,0,0,0,0,0,0,0,0,0,0,0,0,0,0,0,1,0,1.25,0,0,1,280,0,0,0
1,18.08,0,1,0,1,6.75,0,0,0,0,0,0,0,0,0,1,0,0,0,0,0,0,0,0,0,0,0,0,0,1,0,0.04,0,0,0,140,0,0,0
1,38.25,0,1,0,1,10.125,0,0,0,0,0,0,0,0,1,0,0,0,0,0,0,0,0,0,0,0,0,0,0,1,0,0.125,0,0,0,160,0,0,0
1,30.67,1,0,0,0,2.5,0,0,1,0,0,0,0,0,0,0,0,0,0,0,0,0,0,0,0,1,0,0,0,0,0,2.25,0,0,1,340,0,1,0
1,18.58,1,0,0,0,5.71,0,0,0,1,0,0,0,0,0,0,0,0,0,0,0,0,0,0,0,0,0,0,0,1,0,0.54,0,0,0,120,0,0,0
0,19.17,1,0,0,0,5.415,0,0,0,0,0,0,1,0,0,0,0,0,0,0,484,0,0,0,0,1,0,0,0,0,0,0.29,0,0,0,80,0,0,0
0,18.17,0,1,0,1,10.0,0,0,0,0,0,0,0,0,0,0,1,0,0,0,0,0,0,0,0,1,0,0,0,0,0,0.165,0,0,0,340,0,0,0
1,24.58,0,1,0,1,13.5,0,0,0,0,0,1,0,0,0,0,0,0,0,0,0,0,0,0,1,0,0,0,0,0,0,0.0,0,0,0,186.928044,0,0,0
1,16.25,1,0,0,0,0.835,0,0,0,0,0,0,0,0,0,1,0,0,0,0,0,0,0,0,0,0,0,0,0,1,0,0.085,1,0,0,200,0,1,0
1,21.17,0,1,0,1,0.875,0,1,0,0,0,0,0,0,0,0,0,0,0,0,204,0,0,0,0,1,0,0,0,0,0,0.25,0,0,0,280,0,0,0
1,23.92,0,1,0,1,0.585,0,0,1,0,0,0,0,0,0,0,0,0,0,0,1,0,0,0,0,1,0,0,0,0,0,0.125,0,0,0,240,0,0,0
1,17.67,1,0,0,0,4.46,0,1,0,0,0,0,0,0,0,0,0,0,0,0,0,0,0,0,0,0,0,0,0,1,0,0.25,0,0,0,80,0,1,0
0,16.5,1,0,0,0,1.25,0,0,0,0,0,0,0,0,0,0,1,0,0,0,98,1,0,0,0,0,0,0,0,1,0,0.25,0,1,0,108,0,0,0
1,23.25,1,0,0,0,12.625,0,1,0,0,0,0,0,0,0,0,0,0,0,0,5552,1,0,0,0,0,0,0,0,1,0,0.125,0,2,0,0,0,0,0
1,17.58,1,0,0,0,10.0,0,0,0,0,0,0,0,0,0,0,0,0,1,0,1,1,0,0,0,1,0,0,0,0,0,0.165,0,1,0,120,0,0,0
0,31.976661,1,0,0,0,1.5,0,0,0,0,0,1,0,0,0,0,0,0,0,0,105,1,0,0,1,0,0,0,0,0,0,0.0,0,2,1,200,0,0,0
1,29.5,1,0,0,0,0.58,0,0,0,0,0,0,0,0,0,0,0,0,1,0,2803,1,0,0,0,0,0,0,0,1,0,0.29,0,1,0,340,0,0,0
1,18.83,0,1,0,1,0.415,0,1,0,0,0,0,0,0,0,0,0,0,0,0,1,1,0,0,0,0,0,0,0,1,0,0.165,0,1,0,200,0,0,0
0,21.75,0,1,0,1,1.75,0,0,0,0,0,0,0,1,0,0,0,0,0,0,0,0,0,0,0,0,1,0,0,0,0,0.0,0,0,0,160,0,0,0
1,23,1,0,0,0,0.75,0,0,0,0,0,0,0,0,0,1,0,0,0,0,0,0,0,0,0,0,0,0,0,1,0,0.5,0,0,1,320,0,1,0
0,18.25,1,0,0,0,10.0,0,0,0,0,0,0,0,0,0,0,0,0,1,0,1,1,0,0,0,0,0,0,0,1,0,1.0,0,1,0,120,0,0,0
1,25.42,1,0,0,0,0.54,0,0,0,0,0,0,0,0,0,0,0,0,1,0,444,1,0,0,0,0,0,0,0,1,0,0.165,0,1,0,272,0,0,0
1,35.75,1,0,0,0,2.415,0,0,0,0,0,0,0,0,0,0,0,0,1,0,1,1,0,0,0,0,0,0,0,1,0,0.125,0,2,0,220,0,0,0
0,16.08,1,0,0,0,0.335,0,0,0,0,0,1,0,0,0,0,0,0,0,0,126,1,0,0,1,0,0,0,0,0,0,0.0,0,1,0,160,0,0,0
0,31.92,1,0,0,0,3.125,0,0,0,0,0,1,0,0,0,0,0,0,0,0,4,1,0,0,1,0,0,0,0,0,0,3.04,0,2,1,200,0,0,0
1,69.17,1,0,0,0,9.0,0,0,0,0,0,1,0,0,0,0,0,0,0,0,6,1,0,0,1,0,0,0,0,0,0,4.0,0,1,0,70,0,0,0
1,32.92,1,0,0,0,2.5,1,0,0,0,0,0,0,0,0,0,0,0,0,0,0,1,0,0,0,0,0,0,0,1,0,1.75,0,2,1,720,0,0,0
1,16.33,1,0,0,0,2.75,1,0,0,0,0,0,0,0,0,0,0,0,0,0,21,1,0,0,0,0,0,0,0,1,0,0.665,0,1,0,80,0,0,0
1,22.17,1,0,0,0,12.125,0,1,0,0,0,0,0,0,0,0,0,0,0,0,173,1,0,0,0,0,0,0,0,1,0,3.335,0,2,1,180,0,0,0
0,57.58,1,0,0,0,2.0,0,0,0,0,0,1,0,0,0,0,0,0,0,0,10,1,0,0,1,0,0,0,0,0,0,6.5,0,1,0,0,0,0,0
1,18.25,1,0,0,0,0.165,0,0,0,1,0,0,0,0,0,0,0,0,0,0,0,0,0,0,0,0,0,0,0,1,0,0.25,0,0,1,280,0,1,0
1,23.42,1,0,0,0,1.0,0,1,0,0,0,0,0,0,0,0,0,0,0,0,0,0,0,0,0,0,0,0,0,1,0,0.5,0,0,1,280,0,1,0
0,15.92,1,0,0,0,2.875,0,0,0,0,0,0,0,0,0,0,1,0,0,0,0,0,0,0,0,0,0,0,0,1,0,0.085,0,0,0,120,0,0,0
0,24.75,1,0,0,0,13.665,0,0,0,0,0,0,0,0,0,0,1,0,0,0,1,0,0,0,0,1,0,0,0,0,0,1.5,0,0,0,280,0,0,0
1,48.75,0,1,0,1,26.335,0,0,0,0,0,1,0,0,0,0,0,0,0,0,0,0,0,0,1,0,0,0,0,0,0,0.0,1,0,1,0,0,0,0
1,23.5,1,0,0,0,2.75,0,0,0,0,0,1,0,0,0,0,0,0,0,0,25,0,0,0,1,0,0,0,0,0,0,4.5,0,0,0,160,0,0,0
1,18.58,1,0,0,0,10.29,0,0,0,0,0,1,0,0,0,0,0,0,0,0,0,0,0,0,1,0,0,0,0,0,0,0.415,0,0,0,80,0,0,0
1,27.75,1,0,0,0,1.29,0,0,0,0,0,0,0,0,1,0,0,0,0,0,0,0,0,0,0,1,0,0,0,0,0,0.25,0,0,1,140,0,1,0
0,31.75,0,1,0,1,3.0,0,0,0,0,0,0,0,1,0,0,0,0,0,0,20,0,0,0,0,0,1,0,0,0,0,0.0,0,0,0,160,0,0,0
0,24.83,1,0,0,0,4.5,0,0,0,0,0,0,0,0,0,0,0,0,1,0,6,0,0,0,0,0,0,0,0,1,0,1.0,0,0,1,360,0,0,0
1,19,0,1,0,1,1.75,0,1,0,0,0,0,0,0,0,0,0,0,0,0,6,0,0,0,0,0,0,0,0,1,0,2.335,0,0,1,112,0,0,0
0,16.33,1,0,0,0,0.21,1,0,0,0,0,0,0,0,0,0,0,0,0,0,1,0,0,0,0,0,0,0,0,1,0,0.125,0,0,0,200,0,0,0
0,18.58,1,0,0,0,10.0,0,0,0,1,0,0,0,0,0,0,0,0,0,0,42,0,0,0,0,0,0,0,0,1,0,0.415,0,0,0,80,0,0,0
1,16.25,0,1,0,1,0.0,1,0,0,0,0,0,0,0,0,0,0,0,0,0,0,0,0,0,0,0,0,0,0,1,0,0.25,0,0,0,60,0,0,0
1,23,1,0,0,0,0.75,0,0,0,0,0,0,0,0,0,1,0,0,0,0,0,0,0,0,0,0,0,0,0,1,0,0.5,1,0,1,320,0,1,0
1,21.17,0,1,0,1,0.25,0,1,0,0,0,0,0,0,0,0,0,0,0,0,204,0,0,0,0,1,0,0,0,0,0,0.25,0,0,0,280,0,0,0
1,17.5,0,0,1,0,22.0,0,0,0,0,0,1,0,0,0,0,0,0,0,0,100000,0,0,0,0,0,0,0,1,0,0,0.0,0,0,1,450,1,0,1
1,19.17,0,1,0,1,0.0,0,0,0,0,0,0,0,0,0,1,0,0,0,0,1,0,1,0,0,0,0,0,0,0,0,0.0,0,0,1,500,0,1,1
1,36.75,0,1,0,1,0.125,0,1,0,0,0,0,0,0,0,0,0,0,0,0,113,0,0,0,0,0,0,0,0,1,0,1.5,0,0,1,232,0,0,1
1,21.25,1,0,0,0,1.5,0,0,0,0,0,0,0,0,0,0,0,0,1,0,8,0,0,0,0,0,0,0,0,1,0,1.5,0,0,0,150,0,0,1
0,18.08,0,0,1,0,0.375,0,0,1,0,0,0,0,0,0,0,0,0,0,0,0,0,0,0,1,0,0,0,0,0,0,10.0,0,0,1,300,0,1,1
0,33.67,1,0,0,0,0.375,0,0,1,0,0,0,0,0,0,0,0,0,0,0,44,0,0,0,0,0,0,0,0,1,0,0.375,0,0,0,300,0,0,1
1,48.58,0,1,0,1,0.205,0,0,0,0,0,0,0,0,1,0,0,0,0,0,2732,1,0,0,0,0,0,0,0,1,0,0.25,1,11,0,380,0,0,1
1,33.67,1,0,0,0,1.25,0,0,0,0,0,0,0,0,0,0,0,0,1,0,0,0,0,0,0,0,0,0,0,1,0,1.165,0,0,0,120,0,0,0
0,29.5,0,1,0,1,1.085,0,0,0,0,0,0,0,0,0,0,0,0,0,1,13,0,0,0,0,0,0,0,0,1,0,1.0,0,0,0,280,0,0,0
1,30.17,0,1,0,1,1.085,0,1,0,0,0,0,0,0,0,0,0,0,0,0,179,0,0,0,0,0,0,0,0,1,0,0.04,0,0,0,170,0,0,0
1,40.83,1,0,0,0,3.5,0,0,0,0,0,0,1,0,0,0,0,0,0,0,0,0,1,0,0,0,0,0,0,0,0,0.5,0,0,0,1160,0,1,0
1,34.83,0,1,0,1,2.5,0,0,0,0,0,0,0,0,0,0,0,0,1,0,0,0,0,0,0,0,0,0,0,1,0,3.0,0,0,0,200,0,1,0
1,31.976661,0,1,0,1,4.0,0,0,0,0,0,0,1,0,0,0,0,0,0,0,0,0,0,0,0,0,0,0,0,1,0,0.085,0,0,1,411,0,0,0
1,20.42,1,0,0,0,0.0,0,1,0,0,0,0,0,0,0,0,0,0,0,0,0,0,0,0,0,0,0,0,0,1,0,0.0,0,0,0,186.928044,1,0,0
0,33.25,0,1,0,1,2.5,0,1,0,0,0,0,0,0,0,0,0,0,0,0,2,0,0,0,0,0,0,0,0,1,0,2.5,0,0,1,0,0,0,0
1,34.08,1,0,0,0,2.5,0,1,0,0,0,0,0,0,0,0,0,0,0,0,16,0,0,0,0,0,0,0,0,1,0,1.0,0,0,0,460,0,0,0
0,25.25,1,0,0,0,12.5,0,0,0,1,0,0,0,0,0,0,0,0,0,0,1062,0,0,0,0,0,0,0,0,1,0,1.0,0,0,1,180,0,0,0
1,34.75,1,0,0,0,2.5,0,0,1,0,0,0,0,0,0,0,0,0,0,0,0,0,1,0,0,0,0,0,0,0,0,0.5,0,0,0,348,0,0,0
1,27.67,1,0,0,0,0.75,0,0,0,0,0,0,0,0,0,0,1,0,0,0,251,0,0,0,0,1,0,0,0,0,0,0.165,0,0,1,220,0,0,0
1,47.33,1,0,0,0,6.5,0,1,0,0,0,0,0,0,0,0,0,0,0,0,228,0,0,0,0,0,0,0,0,1,0,1.0,0,0,1,0,0,0,0
0,34.83,0,1,0,1,1.25,0,0,0,0,0,0,1,0,0,0,0,0,0,0,0,0,0,0,0,1,0,0,0,0,0,0.5,0,0,1,160,0,0,0
0,33.25,0,1,0,1,3.0,1,0,0,0,0,0,0,0,0,0,0,0,0,0,0,0,0,0,0,0,0,0,0,1,0,2.0,0,0,0,180,0,0,0
1,28,1,0,0,0,3.0,0,0,0,0,0,0,0,0,0,0,0,0,1,0,67,0,0,0,0,0,0,0,0,1,0,0.75,0,0,1,300,0,0,0
0,39.08,1,0,0,0,4.0,0,1,0,0,0,0,0,0,0,0,0,0,0,0,0,0,0,0,0,0,0,0,0,1,0,3.0,0,0,0,480,0,0,0
1,42.75,1,0,0,0,4.085,1,0,0,0,0,0,0,0,0,0,0,0,0,0,100,0,0,0,0,0,0,0,0,1,0,0.04,0,0,0,108,0,0,0
1,26.92,1,0,0,0,2.25,0,0,0,0,0,0,1,0,0,0,0,0,0,0,4000,0,1,0,0,0,0,0,0,0,0,0.5,0,0,1,640,0,0,0
1,33.75,1,0,0,0,2.75,0,0,0,0,0,0,1,0,0,0,0,0,0,0,0,0,1,0,0,0,0,0,0,0,0,0.0,0,0,0,180,0,0,0
1,38.92,1,0,0,0,1.75,0,0,0,0,0,0,0,0,1,0,0,0,0,0,2,0,0,0,0,0,0,0,0,1,0,0.5,0,0,1,300,0,0,0
1,62.75,1,0,0,0,7.0,0,0,0,0,1,0,0,0,0,0,0,0,0,0,12,0,0,0,0,0,0,0,0,0,1,0.0,0,0,0,0,0,0,0
1,32.25,1,0,0,0,1.5,0,1,0,0,0,0,0,0,0,0,0,0,0,0,122,0,0,0,0,0,0,0,0,1,0,0.25,0,0,1,372,0,0,0
1,26.75,0,1,0,1,4.5,0,1,0,0,0,0,0,0,0,0,0,0,0,0,1210,0,1,0,0,0,0,0,0,0,0,2.5,0,0,0,200,0,0,0
1,63.33,1,0,0,0,0.54,0,1,0,0,0,0,0,0,0,0,0,0,0,0,0,1,0,0,0,0,0,0,0,1,0,0.585,1,3,1,180,0,0,0
1,27.83,1,0,0,0,1.5,0,0,0,0,0,0,0,0,0,0,0,0,1,0,3,1,0,0,0,0,0,0,0,1,0,2.25,0,1,1,100,0,0,0
0,26.17,1,0,0,0,2.0,0,0,0,0,0,0,0,1,0,0,0,0,0,0,1,0,0,0,0,0,1,0,0,0,0,0.0,0,0,1,276,0,0,0
1,22.17,0,1,0,1,0.585,0,0,0,0,0,1,0,0,0,0,0,0,0,0,0,0,0,0,1,0,0,0,0,0,0,0.0,0,0,0,100,0,0,0
1,22.5,0,1,0,1,11.5,0,0,0,0,0,0,0,0,0,1,0,0,0,0,4000,0,0,0,0,0,0,0,0,1,0,1.5,0,0,1,0,0,0,0
1,30.75,1,0,0,0,1.585,0,0,0,1,0,0,0,0,0,0,0,0,0,0,0,0,0,0,0,0,0,0,0,1,0,0.585,0,0,1,0,0,1,0
1,36.67,1,0,0,0,2.0,0,0,0,0,0,0,1,0,0,0,0,0,0,0,0,0,0,0,0,0,0,0,0,1,0,0.25,0,0,1,221,0,0,0
0,16,1,0,0,0,0.165,1,0,0,0,0,0,0,0,0,0,0,0,0,0,1,1,0,0,0,0,0,0,0,1,0,1.0,0,2,1,320,0,0,0
1,41.17,1,0,0,0,1.335,0,0,0,1,0,0,0,0,0,0,0,0,0,0,0,0,0,0,0,0,0,0,0,1,0,0.165,0,0,0,168,0,0,0
0,19.5,1,0,0,0,0.165,0,0,0,0,0,0,0,0,0,0,1,0,0,0,0,0,0,0,0,0,0,0,0,1,0,0.04,0,0,1,380,0,0,0
1,32.42,1,0,0,0,3.0,0,0,0,1,0,0,0,0,0,0,0,0,0,0,0,0,0,0,0,0,0,0,0,1,0,0.165,0,0,1,120,0,0,0
0,36.75,1,0,0,0,4.71,0,0,0,0,0,1,0,0,0,0,0,0,0,0,0,0,0,0,1,0,0,0,0,0,0,0.0,0,0,0,160,0,0,0
0,30.25,1,0,0,0,5.5,0,0,0,0,0,0,0,0,1,0,0,0,0,0,0,0,0,0,0,0,0,0,0,1,0,5.5,0,0,1,100,0,1,0
1,23.08,1,0,0,0,2.5,0,0,0,0,0,1,0,0,0,0,0,0,0,0,4208,0,0,0,1,0,0,0,0,0,0,0.085,0,0,1,100,0,0,0
1,26.83,1,0,0,0,0.54,0,0,0,0,0,0,0,0,1,0,0,0,0,0,0,0,0,0,1,0,0,0,0,0,0,0.0,0,0,0,100,0,0,0
1,16.92,0,1,0,1,0.335,0,0,0,0,0,0,0,0,1,0,0,0,0,0,0,0,0,0,0,0,0,0,0,1,0,0.29,0,0,0,200,0,1,0
1,24.42,1,0,0,0,2.0,0,0,0,0,1,0,0,0,0,0,0,0,0,0,1300,1,0,1,0,0,0,0,0,0,0,0.165,0,2,0,320,0,0,0
1,42.83,1,0,0,0,1.25,0,0,0,0,0,0,0,0,0,1,0,0,0,0,112,1,0,0,0,0,0,0,0,1,0,13.875,0,1,1,352,0,0,0
0,22.75,1,0,0,0,6.165,1,0,0,0,0,0,0,0,0,0,0,0,0,0,1000,0,0,0,0,0,0,0,0,1,0,0.165,0,0,0,220,0,0,0
1,39.42,0,1,0,1,1.71,0,0,0,0,0,0,0,0,0,1,0,0,0,0,0,0,0,0,0,0,0,0,0,1,0,0.165,0,0,0,400,0,1,0
0,23.58,0,1,0,1,11.5,0,0,0,0,0,0,0,0,1,0,0,0,0,0,16,0,0,0,0,1,0,0,0,0,0,3.0,0,0,1,20,0,0,0
1,21.42,0,1,0,1,0.75,0,0,0,0,0,0,0,0,0,0,0,1,0,0,2,0,0,0,0,0,0,1,0,0,0,0.75,0,0,1,132,0,0,0
1,33,0,1,0,1,2.5,0,0,0,0,0,0,0,0,0,0,0,0,1,0,0,0,0,0,0,0,0,0,0,1,0,7.0,0,0,1,280,0,0,0
1,26.33,1,0,0,0,13.0,0,0,0,0,1,0,0,0,0,0,0,0,0,0,1110,0,0,1,0,0,0,0,0,0,0,0.0,0,0,1,140,0,0,0
0,45,1,0,0,0,4.585,0,0,0,0,0,0,0,0,1,0,0,0,0,0,0,0,0,0,0,1,0,0,0,0,0,1.0,0,0,1,240,0,1,0
1,26.25,1,0,0,0,1.54,0,0,0,0,0,0,0,0,0,0,0,0,1,0,0,0,0,0,0,0,0,0,0,1,0,0.125,0,0,0,100,0,0,0
1,28.17,1,0,0,0,0.585,1,0,0,0,0,0,0,0,0,0,0,0,0,0,1004,0,0,0,0,0,0,0,0,1,0,0.04,0,0,0,260,0,0,0
0,20.83,0,1,0,1,0.5,0,0,0,0,1,0,0,0,0,0,0,0,0,0,0,0,0,1,0,0,0,0,0,0,0,1.0,0,0,0,260,0,0,0
1,28.67,1,0,0,0,14.5,0,0,0,1,0,0,0,0,0,0,0,0,0,0,286,0,0,0,0,0,0,0,0,1,0,0.125,0,0,0,0,0,0,0
1,20.67,0,1,0,1,0.835,0,1,0,0,0,0,0,0,0,0,0,0,0,0,0,0,0,0,0,0,0,0,0,1,0,2.0,0,0,1,240,0,1,0
1,34.42,1,0,0,0,1.335,0,0,0,0,0,0,1,0,0,0,0,0,0,0,4500,0,1,0,0,0,0,0,0,0,0,0.125,0,0,1,440,0,0,0
1,33.58,1,0,0,0,0.25,0,0,0,0,0,0,1,0,0,0,0,0,0,0,0,0,1,0,0,0,0,0,0,0,0,4.0,0,0,1,420,0,1,0
1,43.17,1,0,0,0,5.0,0,0,0,0,0,0,1,0,0,0,0,0,0,0,0,0,1,0,0,0,0,0,0,0,0,2.25,0,0,1,141,0,0,0
0,22.67,1,0,0,0,7.0,0,1,0,0,0,0,0,0,0,0,0,0,0,0,0,0,0,0,0,0,0,0,0,1,0,0.165,0,0,0,160,0,0,0
0,24.33,0,1,0,1,2.5,0,0,0,0,0,0,1,0,0,0,0,0,0,0,456,0,1,0,0,0,0,0,0,0,0,4.5,0,0,0,200,0,0,0
0,56.83,0,1,0,1,4.25,0,0,0,0,0,1,0,0,0,0,0,0,0,0,4,0,0,0,1,0,0,0,0,0,0,5.0,0,0,1,0,0,0,0
1,22.08,1,0,0,0,11.46,0,0,0,0,0,0,0,0,1,0,0,0,0,0,1212,0,0,0,0,0,0,0,0,1,0,1.585,0,0,1,100,0,0,0
1,34,0,1,0,1,5.5,0,1,0,0,0,0,0,0,0,0,0,0,0,0,0,0,0,0,0,0,0,0,0,1,0,1.5,0,0,1,60,0,0,0
1,22.58,0,1,0,1,1.5,1,0,0,0,0,0,0,0,0,0,0,0,0,0,67,0,0,0,0,0,0,0,0,1,0,0.54,0,0,1,120,0,0,0
1,21.17,1,0,0,0,0.0,0,1,0,0,0,0,0,0,0,0,0,0,0,0,0,0,0,0,0,0,0,0,0,1,0,0.5,0,0,1,0,0,1,0
1,26.67,1,0,0,0,14.585,0,0,0,0,0,0,1,0,0,0,0,0,0,0,0,0,1,0,0,0,0,0,0,0,0,0.0,0,0,1,178,0,0,0
1,22.92,1,0,0,0,0.17,0,0,0,0,0,0,0,0,0,1,0,0,0,0,0,0,0,0,0,0,0,0,0,1,0,0.085,0,0,0,0,0,1,0
1,15.17,1,0,0,0,7.0,0,0,0,0,1,0,0,0,0,0,0,0,0,0,0,0,0,0,0,0,0,0,0,1,0,1.0,0,0,0,600,0,0,0
1,39.92,1,0,0,0,5.0,0,0,0,0,0,0,1,0,0,0,0,0,0,0,0,0,1,0,0,0,0,0,0,0,0,0.21,0,0,0,550,0,0,0
1,27.42,1,0,0,0,12.5,1,0,0,0,0,0,0,0,0,0,0,0,0,0,0,0,1,0,0,0,0,0,0,0,0,0.25,0,0,1,720,0,0,0
1,24.75,1,0,0,0,0.54,0,0,0,0,0,0,0,0,0,1,0,0,0,0,1,0,0,0,0,0,0,0,0,1,0,1.0,0,0,1,120,0,0,0
1,41.17,0,1,0,1,1.25,0,0,0,0,0,0,0,0,0,0,0,0,1,0,195,0,0,0,0,0,0,0,0,1,0,0.25,0,0,0,0,0,0,0
0,33.08,1,0,0,0,1.625,0,0,0,1,0,0,0,0,0,0,0,0,0,0,0,0,0,0,0,0,0,0,0,1,0,0.54,0,0,1,0,0,0,0
1,29.83,0,1,0,1,2.04,0,0,0,0,0,0,0,0,0,0,0,0,0,1,1,0,0,0,0,1,0,0,0,0,0,0.04,0,0,0,128,0,0,0
0,23.58,0,1,0,1,0.585,0,0,0,0,0,1,0,0,0,0,0,0,0,0,87,0,0,0,1,0,0,0,0,0,0,0.125,0,0,0,120,0,0,0
1,26.17,0,1,0,1,12.5,0,0,0,0,0,0,0,0,1,0,0,0,0,0,17,0,0,0,0,1,0,0,0,0,0,1.25,0,0,1,0,0,0,0
1,31,1,0,0,0,2.085,0,1,0,0,0,0,0,0,0,0,0,0,0,0,0,0,0,0,0,0,0,0,0,1,0,0.085,0,0,0,300,0,0,0
1,20.75,0,1,0,1,5.085,0,0,0,0,0,0,0,1,0,0,0,0,0,0,184,0,0,0,0,0,0,0,0,1,0,0.29,0,0,0,140,0,0,0
1,28.92,1,0,0,0,0.375,0,1,0,0,0,0,0,0,0,0,0,0,0,0,140,0,0,0,0,0,0,0,0,1,0,0.29,0,0,0,220,0,0,0
0,51.92,1,0,0,0,6.5,0,0,0,0,0,0,1,0,0,0,0,0,0,0,0,0,1,0,0,0,0,0,0,0,0,3.085,0,0,1,73,0,0,0
0,22.67,1,0,0,0,0.335,0,0,0,0,0,0,0,0,0,0,1,0,0,0,0,0,0,0,0,0,0,0,0,1,0,0.75,0,0,0,160,0,1,0
1,34,0,1,0,1,5.085,0,0,0,0,0,0,1,0,0,0,0,0,0,0,0,0,1,0,0,0,0,0,0,0,0,1.085,0,0,1,480,0,0,0
0,69.5,1,0,0,0,6.0,0,0,0,0,0,1,0,0,0,0,0,0,0,0,0,0,0,0,1,0,0,0,0,0,0,0.0,0,0,0,0,0,1,0
0,40.33,0,1,0,1,8.125,0,0,0,0,0,0,0,0,1,0,0,0,0,0,18,1,0,0,0,0,0,0,0,1,0,0.165,0,2,0,186.928044,0,0,0
0,19.58,0,1,0,1,0.665,0,1,0,0,0,0,0,0,0,0,0,0,0,0,2,1,0,0,0,0,0,0,0,1,0,1.0,0,1,0,2000,0,0,0
1,16,1,0,0,0,3.125,0,0,0,0,0,0,0,0,0,0,0,0,1,0,6,1,0,0,0,0,0,0,0,1,0,0.085,0,1,0,0,0,0,0
1,17.08,1,0,0,0,0.25,0,0,0,0,0,0,0,0,0,0,1,0,0,0,8,1,0,0,0,0,0,0,0,1,0,0.335,0,4,0,160,0,0,0
1,31.25,1,0,0,0,2.835,0,0,0,0,0,1,0,0,0,0,0,0,0,0,146,1,0,0,1,0,0,0,0,0,0,0.0,0,5,0,176,0,0,0
1,25.17,1,0,0,0,3.0,0,1,0,0,0,0,0,0,0,0,0,0,0,0,22,1,0,0,0,0,0,0,0,1,0,1.25,0,1,0,0,0,0,0
0,22.67,1,0,0,0,0.79,0,0,0,0,0,0,1,0,0,0,0,0,0,0,0,0,0,0,0,0,0,0,0,1,0,0.085,0,0,0,144,0,0,0
1,40.58,1,0,0,0,1.5,0,0,0,0,0,0,1,0,0,0,0,0,0,0,0,0,1,0,0,0,0,0,0,0,0,0.0,0,0,0,300,0,1,0
1,22.25,1,0,0,0,0.46,0,0,0,0,0,0,0,0,1,0,0,0,0,0,55,0,0,0,0,0,0,0,0,1,0,0.125,0,0,1,280,0,0,0
0,22.25,0,1,0,1,1.25,0,0,0,0,0,1,0,0,0,0,0,0,0,0,0,0,0,0,1,0,0,0,0,0,0,3.25,0,0,0,280,0,0,0
1,22.5,0,1,0,1,0.125,0,0,0,0,0,0,0,0,1,0,0,0,0,0,70,0,0,0,0,0,0,0,0,1,0,0.125,0,0,0,200,0,0,0
1,23.58,1,0,0,0,1.79,0,1,0,0,0,0,0,0,0,0,0,0,0,0,1,0,0,0,0,0,0,0,0,1,0,0.54,0,0,1,136,0,0,0
1,38.42,1,0,0,0,0.705,0,1,0,0,0,0,0,0,0,0,0,0,0,0,500,1,0,0,0,0,0,0,0,1,0,0.375,0,2,0,225,0,0,0
0,26.58,0,1,0,1,2.54,0,0,0,0,0,1,0,0,0,0,0,0,0,0,60,0,0,0,1,0,0,0,0,0,0,0.0,0,0,1,180,0,0,0
1,35,1,0,0,0,2.5,0,0,0,0,0,0,1,0,0,0,0,0,0,0,0,0,0,0,0,0,0,0,0,1,0,1.0,0,0,1,210,0,0,0
1,20.42,1,0,0,0,1.085,0,0,0,0,0,0,0,0,0,0,1,0,0,0,7,0,0,0,0,0,0,0,0,1,0,1.5,0,0,0,108,0,0,0
1,29.42,1,0,0,0,1.25,0,0,0,0,0,0,0,0,0,0,0,0,1,0,0,0,0,0,0,0,0,0,0,1,0,1.75,0,0,0,200,0,0,0
1,26.17,1,0,0,0,0.835,0,0,1,0,0,0,0,0,0,0,0,0,0,0,0,0,0,0,0,0,0,0,0,1,0,1.165,0,0,0,100,0,0,0
1,33.67,1,0,0,0,2.165,0,1,0,0,0,0,0,0,0,0,0,0,0,0,0,0,0,0,0,0,0,0,0,1,0,1.5,0,0,0,120,1,0,0
1,24.58,1,0,0,0,1.25,0,1,0,0,0,0,0,0,0,0,0,0,0,0,0,0,0,0,0,0,0,0,0,1,0,0.25,0,0,0,110,0,0,0
0,27.67,1,0,0,0,2.04,0,0,0,0,0,0,0,0,0,0,0,0,1,0,50,0,0,0,0,0,0,0,0,1,0,0.25,0,0,1,180,0,0,0
1,37.5,1,0,0,0,0.835,0,0,0,0,1,0,0,0,0,0,0,0,0,0,5,0,0,0,0,0,0,0,0,1,0,0.04,0,0,0,120,0,0,0
1,49.17,1,0,0,0,2.29,0,0,0,0,0,1,0,0,0,0,0,0,0,0,3,0,0,0,1,0,0,0,0,0,0,0.29,0,0,0,200,0,0,0
1,33.58,0,1,0,1,0.335,0,0,1,0,0,0,0,0,0,0,0,0,0,0,0,0,0,0,0,0,0,0,0,1,0,0.085,0,0,0,180,0,0,0
1,51.83,0,1,0,1,3.0,0,0,0,0,0,1,0,0,0,0,0,0,0,0,4,0,0,0,1,0,0,0,0,0,0,1.5,0,0,0,180,0,0,0
1,22.92,0,1,0,1,3.165,0,1,0,0,0,0,0,0,0,0,0,0,0,0,1058,0,0,0,0,0,0,0,0,1,0,0.165,0,0,0,160,0,0,0
1,21.83,1,0,0,0,1.54,0,0,0,0,0,0,0,0,1,0,0,0,0,0,0,0,0,0,0,0,0,0,0,1,0,0.085,0,0,1,356,0,0,0
1,25.25,1,0,0,0,1.0,1,0,0,0,0,0,0,0,0,0,0,0,0,0,0,0,0,0,0,0,0,0,0,1,0,0.5,0,0,0,200,0,0,0
1,58.58,1,0,0,0,2.71,0,1,0,0,0,0,0,0,0,0,0,0,0,0,0,0,0,0,0,0,0,0,0,1,0,2.415,0,0,1,320,0,0,0
1,19,0,1,0,1,0.0,0,0,0,0,0,1,0,0,0,0,0,0,0,0,1,1,0,0,1,0,0,0,0,0,0,0.0,0,4,0,45,0,0,0
1,19.58,1,0,0,0,0.585,0,0,0,0,0,1,0,0,0,0,0,0,0,0,769,1,0,0,1,0,0,0,0,0,0,0.0,0,3,0,350,0,0,0
0,53.33,1,0,0,0,0.165,0,0,0,0,0,1,0,0,0,0,0,0,0,0,27,0,0,0,1,0,0,0,0,0,0,0.0,0,0,1,62,0,1,0
0,27.17,1,0,0,0,1.25,0,0,0,0,0,1,0,0,0,0,0,0,0,0,300,1,0,0,1,0,0,0,0,0,0,0.0,0,1,0,92,0,0,0
1,25.92,1,0,0,0,0.875,0,0,0,0,0,0,0,0,1,0,0,0,0,0,3,1,0,0,0,0,0,0,0,1,0,0.375,0,2,1,174,0,0,0
1,23.08,1,0,0,0,0.0,0,0,0,0,0,0,0,0,1,0,0,0,0,0,0,1,0,0,0,0,0,0,0,1,0,1.0,0,11,0,0,0,1,0
1,39.58,1,0,0,0,5.0,0,0,0,0,0,1,0,0,0,0,0,0,0,0,1,1,0,0,1,0,0,0,0,0,0,0.0,0,2,0,17,0,0,0
1,30.58,0,1,0,1,2.71,0,0,0,0,0,0,0,0,0,1,0,0,0,0,0,0,0,0,0,0,0,0,0,1,0,0.125,0,0,1,80,0,1,0
1,17.25,1,0,0,0,3.0,0,0,0,0,0,0,0,0,1,0,0,0,0,0,40,0,0,0,0,0,0,0,0,1,0,0.04,0,0,1,160,0,0,0
0,17.67,0,1,0,1,0.0,0,0,0,0,0,0,0,1,0,0,0,0,0,0,0,0,0,0,1,0,0,0,0,0,0,0.0,0,0,0,86,0,0,0
0,31.976661,1,0,0,0,11.25,0,0,0,0,0,1,0,0,0,0,0,0,0,0,5200,0,0,0,1,0,0,0,0,0,0,0.0,0,0,0,186.928044,0,0,0
1,16.5,1,0,0,0,0.125,0,1,0,0,0,0,0,0,0,0,0,0,0,0,0,0,0,0,0,0,0,0,0,1,0,0.165,0,0,0,132,0,0,0
0,27.33,1,0,0,0,1.665,0,0,0,0,0,1,0,0,0,0,0,0,0,0,1,0,0,0,1,0,0,0,0,0,0,0.0,0,0,0,340,0,0,0
1,31.25,1,0,0,0,1.125,0,0,0,0,0,1,0,0,0,0,0,0,0,0,19,1,0,0,1,0,0,0,0,0,0,0.0,0,1,0,96,0,0,0
1,20,1,0,0,0,7.0,0,1,0,0,0,0,0,0,0,0,0,0,0,0,0,0,0,0,0,0,0,0,0,1,0,0.5,0,0,0,0,0,0,0
1,31.976661,0,1,0,1,3.0,0,0,0,0,0,0,1,0,0,0,0,0,0,0,1,0,1,0,0,0,0,0,0,0,0,7.0,0,0,0,0,0,0,0
1,39.5,1,0,0,0,1.625,0,1,0,0,0,0,0,0,0,0,0,0,0,0,316,0,0,0,0,0,0,0,0,1,0,1.5,0,0,0,0,0,0,0
1,36.5,1,0,0,0,4.25,0,0,0,0,0,0,0,0,0,0,1,0,0,0,50,0,0,0,0,0,0,0,0,1,0,3.5,0,0,0,454,0,0,0
1,29.75,1,0,0,0,0.665,0,0,0,0,0,0,0,0,0,0,0,0,1,0,0,0,0,0,0,0,0,0,0,1,0,0.25,0,0,1,300,0,0,0
1,52.42,1,0,0,0,1.5,0,0,0,1,0,0,0,0,0,0,0,0,0,0,350,0,0,0,0,0,0,0,0,1,0,3.75,0,0,1,0,0,0,0
1,36.17,1,0,0,0,18.125,0,0,0,0,0,0,0,0,0,0,0,0,1,0,3552,0,0,0,0,0,0,0,0,1,0,0.085,0,0,0,320,0,0,0
1,34.58,1,0,0,0,0.0,0,1,0,0,0,0,0,0,0,0,0,0,0,0,0,0,0,0,0,0,0,0,0,1,0,0.0,0,0,0,186.928044,1,0,0
1,29.67,0,1,0,1,0.75,0,1,0,0,0,0,0,0,0,0,0,0,0,0,0,0,0,0,0,0,0,0,0,1,0,0.04,0,0,0,240,0,0,0
1,36.17,1,0,0,0,5.5,0,0,0,0,0,0,1,0,0,0,0,0,0,0,687,0,1,0,0,0,0,0,0,0,0,5.0,0,0,0,210,0,0,0
1,25.67,0,1,0,1,0.29,0,1,0,0,0,0,0,0,0,0,0,0,0,0,0,0,0,0,0,0,0,0,0,1,0,1.5,0,0,1,160,0,0,0
0,24.5,0,1,0,1,2.415,0,1,0,0,0,0,0,0,0,0,0,0,0,0,0,0,0,0,0,0,0,0,0,1,0,0.0,0,0,0,120,0,0,0
1,24.08,1,0,0,0,0.875,0,0,0,0,0,0,0,0,0,1,0,0,0,0,1950,1,0,0,0,0,0,0,0,1,0,0.085,0,4,0,254,0,0,0
1,21.92,1,0,0,0,0.5,0,1,0,0,0,0,0,0,0,0,0,0,0,0,0,0,0,0,0,0,0,0,0,1,0,0.125,0,0,0,360,0,0,0
0,36.58,1,0,0,0,0.29,0,0,0,0,0,1,0,0,0,0,0,0,0,0,18,1,0,0,1,0,0,0,0,0,0,0.0,0,10,0,200,0,0,0
0,23,1,0,0,0,1.835,0,0,0,0,0,0,0,1,0,0,0,0,0,0,53,1,0,0,0,0,1,0,0,0,0,0.0,0,1,0,200,0,0,0
0,27.58,1,0,0,0,3.0,0,0,0,0,0,0,0,0,0,1,0,0,0,0,10,1,0,0,0,0,0,0,0,1,0,2.79,0,1,1,280,0,0,0
1,31.08,1,0,0,0,3.085,0,1,0,0,0,0,0,0,0,0,0,0,0,0,41,1,0,0,0,0,0,0,0,1,0,2.5,0,2,1,160,0,0,0
0,30.42,1,0,0,0,1.375,0,0,0,0,0,0,0,0,0,0,0,0,1,0,33,1,0,0,0,1,0,0,0,0,0,0.04,0,3,0,0,0,0,0
1,22.08,1,0,0,0,2.335,0,0,0,0,0,0,0,0,1,0,0,0,0,0,0,0,0,0,0,0,0,0,0,1,0,0.75,0,0,0,180,0,0,0
1,16.33,1,0,0,0,4.085,0,0,0,0,0,0,1,0,0,0,0,0,0,0,0,0,0,0,0,1,0,0,0,0,0,0.415,0,0,1,120,0,0,0
0,21.92,1,0,0,0,11.665,0,0,0,0,0,0,0,0,1,0,0,0,0,0,5,0,0,0,0,1,0,0,0,0,0,0.085,0,0,0,320,0,0,0
1,21.08,0,1,0,1,4.125,0,0,0,0,0,0,1,0,0,0,0,0,0,0,100,0,0,0,0,1,0,0,0,0,0,0.04,0,0,0,140,0,0,0
1,17.42,1,0,0,0,6.5,0,0,0,0,0,0,1,0,0,0,0,0,0,0,100,0,0,0,0,0,0,0,0,1,0,0.125,0,0,0,60,0,0,0
1,19.17,0,1,0,1,4.0,0,0,0,0,0,0,1,0,0,0,0,0,0,0,1000,0,0,0,0,0,0,0,0,1,0,1.0,0,0,1,360,0,0,0
1,20.67,1,0,0,0,0.415,0,1,0,0,0,0,0,0,0,0,0,0,0,0,44,0,0,0,0,0,0,0,0,1,0,0.125,0,0,0,0,0,0,0
1,26.75,1,0,0,0,2.0,0,0,0,1,0,0,0,0,0,0,0,0,0,0,0,0,0,0,0,0,0,0,0,1,0,0.75,0,0,1,80,0,0,0
1,23.58,1,0,0,0,0.835,0,0,0,0,0,0,1,0,0,0,0,0,0,0,5,0,0,0,0,1,0,0,0,0,0,0.085,0,0,1,220,0,0,0
1,39.17,0,1,0,1,2.5,0,0,0,0,0,0,1,0,0,0,0,0,0,0,0,0,0,0,0,1,0,0,0,0,0,10.0,0,0,1,200,0,1,0
1,22.75,1,0,0,0,11.5,0,0,0,0,0,0,1,0,0,0,0,0,0,0,0,0,0,0,0,0,0,0,0,1,0,0.415,0,0,0,0,0,0,0
1,26.5,0,1,0,1,2.71,0,1,0,0,0,0,0,0,0,0,0,0,0,0,0,0,0,0,0,0,0,0,0,1,0,0.085,0,0,0,80,0,1,0
0,16.92,1,0,0,0,0.5,0,0,0,0,0,0,1,0,0,0,0,0,0,0,35,1,0,0,0,0,0,0,0,1,0,0.165,0,6,1,240,0,0,0
1,23.5,0,1,0,1,3.165,0,0,0,0,0,0,0,0,1,0,0,0,0,0,80,1,0,0,0,0,0,0,0,1,0,0.415,0,1,1,280,0,0,0
0,17.33,1,0,0,0,9.5,1,0,0,0,0,0,0,0,0,0,0,0,0,0,10,1,0,0,0,0,0,0,0,1,0,1.75,0,10,1,0,0,0,0
1,23.75,0,1,0,1,0.415,0,1,0,0,0,0,0,0,0,0,0,0,0,0,6,1,0,0,0,0,0,0,0,1,0,0.04,0,2,0,128,0,0,0
1,34.67,1,0,0,0,1.08,0,0,0,0,0,0,0,0,0,1,0,0,0,0,0,0,0,0,0,0,0,0,0,1,0,1.165,0,0,0,28,0,1,0
1,74.83,0,1,0,1,19.0,0,0,0,0,0,1,0,0,0,0,0,0,0,0,351,1,0,0,1,0,0,0,0,0,0,0.04,0,2,0,0,0,0,0
1,28.17,0,1,0,1,0.125,0,0,0,0,0,0,0,0,1,0,0,0,0,0,2100,0,0,0,0,0,0,0,0,1,0,0.085,0,0,0,216,0,0,0
1,24.5,0,1,0,1,13.335,1,0,0,0,0,0,0,0,0,0,0,0,0,0,475,0,0,0,0,0,0,0,0,1,0,0.04,0,0,1,120,0,0,0
1,18.83,0,1,0,1,3.54,0,0,0,0,0,1,0,0,0,0,0,0,0,0,1,0,0,0,1,0,0,0,0,0,0,0.0,0,0,1,180,0,0,0
1,45.33,1,0,0,0,1.0,0,0,0,0,0,0,0,0,0,0,1,0,0,0,0,0,0,0,0,0,0,0,0,1,0,0.125,0,0,1,263,0,0,0
0,47.25,1,0,0,0,0.75,0,0,0,0,0,0,0,0,0,0,1,0,0,0,892,1,0,0,0,1,0,0,0,0,0,2.75,1,1,0,333,0,0,1
1,24.17,1,0,0,0,0.875,0,0,0,0,0,0,0,0,0,0,1,0,0,0,2000,1,0,0,0,0,0,0,0,1,0,4.625,1,2,1,520,0,0,1
1,39.25,1,0,0,0,9.5,0,0,0,0,0,0,0,0,0,1,0,0,0,0,4607,1,0,0,0,0,0,0,0,1,0,6.5,1,14,0,240,0,0,1
0,20.5,1,0,0,0,11.835,0,1,0,0,0,0,0,0,0,0,0,0,0,0,0,0,0,0,0,1,0,0,0,0,0,6.0,1,0,0,340,0,0,1
0,18.83,0,1,0,1,4.415,0,1,0,0,0,0,0,0,0,0,0,0,0,0,0,0,0,0,0,1,0,0,0,0,0,3.0,1,0,0,240,0,0,1
1,19.17,1,0,0,0,9.5,0,0,0,0,0,0,0,0,0,0,0,0,1,0,2206,0,0,0,0,0,0,0,0,1,0,1.5,1,0,0,120,0,0,1
0,25,1,0,0,0,0.875,0,0,0,0,0,0,0,0,0,0,0,0,0,1,5860,0,0,0,0,1,0,0,0,0,0,1.04,1,0,1,160,0,0,1
1,20.17,1,0,0,0,9.25,0,1,0,0,0,0,0,0,0,0,0,0,0,0,28,1,0,0,0,0,0,0,0,1,0,1.665,1,3,1,40,0,0,1
1,20.25,1,0,0,0,9.96,0,0,0,0,1,0,0,0,0,0,0,0,0,0,0,0,0,1,0,0,0,0,0,0,0,0.0,1,0,0,0,0,0,1
1,22.67,0,1,0,1,2.54,0,1,0,0,0,0,0,0,0,0,0,0,0,0,0,0,0,0,0,1,0,0,0,0,0,2.585,1,0,0,0,0,0,1
1,31.976661,1,0,0,0,10.5,0,0,0,0,0,0,0,0,0,0,0,0,0,1,0,0,0,0,0,0,0,0,0,1,0,6.5,1,0,0,0,0,0,1
0,60.92,1,0,0,0,5.0,1,0,0,0,0,0,0,0,0,0,0,0,0,0,99,1,0,0,0,0,0,0,0,1,0,4.0,1,4,0,0,0,0,1
1,16.08,1,0,0,0,0.75,0,1,0,0,0,0,0,0,0,0,0,0,0,0,690,1,0,0,0,0,0,0,0,1,0,1.75,1,5,1,352,0,0,1
0,28.17,1,0,0,0,0.375,0,0,0,0,0,0,0,0,0,0,1,0,0,0,0,1,0,0,0,0,0,0,0,1,0,0.585,1,4,0,80,0,0,1
1,39.17,1,0,0,0,1.71,0,0,0,0,0,0,0,0,0,0,0,0,0,1,0,1,0,0,0,0,0,0,0,1,0,0.125,1,5,1,480,0,0,1
1,20.42,1,0,0,0,7.5,0,0,0,0,0,0,0,0,1,0,0,0,0,0,234,1,0,0,0,0,0,0,0,1,0,1.5,1,1,0,160,0,0,1
0,30,1,0,0,0,5.29,0,0,0,0,1,0,0,0,0,0,0,0,0,0,500,1,0,1,0,0,0,0,0,0,0,2.25,1,5,1,99,0,0,1
1,22.83,1,0,0,0,3.0,0,0,0,0,0,0,0,0,0,1,0,0,0,0,800,1,0,0,0,0,0,0,0,1,0,1.29,1,1,0,260,0,0,1
0,22.5,1,0,0,0,8.5,0,0,0,0,0,0,0,0,0,0,1,0,0,0,990,1,0,0,0,0,0,0,0,1,0,1.75,1,10,0,80,0,0,0
0,28.58,1,0,0,0,1.665,0,0,0,0,0,0,0,0,0,0,1,0,0,0,0,0,0,0,0,0,0,0,0,1,0,2.415,1,0,1,440,0,0,0
1,45.17,1,0,0,0,1.5,0,1,0,0,0,0,0,0,0,0,0,0,0,0,0,0,0,0,0,0,0,0,0,1,0,2.5,1,0,1,140,0,0,0
1,41.58,1,0,0,0,1.75,0,0,0,0,0,0,0,0,1,0,0,0,0,0,0,0,0,0,0,0,0,0,0,1,0,0.21,1,0,0,160,0,0,0
0,57.08,1,0,0,0,0.335,0,0,0,0,0,0,1,0,0,0,0,0,0,0,2197,0,1,0,0,0,0,0,0,0,0,1.0,1,0,1,252,0,0,0
0,55.75,1,0,0,0,7.08,0,0,0,0,0,0,0,0,1,0,0,0,0,0,50,1,0,0,0,1,0,0,0,0,0,6.75,1,3,1,100,0,0,0
1,43.25,1,0,0,0,25.21,0,0,0,0,0,0,0,0,0,0,1,0,0,0,90,1,0,0,0,1,0,0,0,0,0,0.21,1,1,0,760,0,0,0
0,25.33,1,0,0,0,2.085,0,1,0,0,0,0,0,0,0,0,0,0,0,0,1,0,0,0,0,1,0,0,0,0,0,2.75,1,0,1,360,0,0,0
0,24.58,1,0,0,0,0.67,1,0,0,0,0,0,0,0,0,0,0,0,0,0,0,0,0,0,0,1,0,0,0,0,0,1.75,1,0,0,400,0,0,0
1,43.17,1,0,0,0,2.25,0,0,0,0,0,0,1,0,0,0,0,0,0,0,0,0,1,0,0,0,0,0,0,0,0,0.75,1,0,0,560,0,0,0
1,40.92,1,0,0,0,0.835,0,0,0,0,0,1,0,0,0,0,0,0,0,0,1,0,0,0,1,0,0,0,0,0,0,0.0,1,0,0,130,0,0,0
1,31.83,1,0,0,0,2.5,1,0,0,0,0,0,0,0,0,0,0,0,0,0,0,0,0,0,0,0,0,0,0,1,0,7.5,1,0,1,523,0,0,0
0,33.92,0,1,0,1,1.585,0,0,0,0,0,1,0,0,0,0,0,0,0,0,0,0,0,0,1,0,0,0,0,0,0,0.0,1,0,0,320,0,0,0
0,24.92,1,0,0,0,1.25,0,0,0,0,0,1,0,0,0,0,0,0,0,0,0,0,0,0,1,0,0,0,0,0,0,0.0,1,0,0,80,0,0,0
1,35.25,1,0,0,0,3.165,0,0,0,0,0,0,0,0,0,0,0,0,0,1,0,0,0,0,0,1,0,0,0,0,0,3.75,1,0,1,680,0,0,0
1,34.25,1,0,0,0,1.75,0,0,0,0,0,0,0,0,0,0,0,0,1,0,0,0,1,0,0,0,0,0,0,0,0,0.25,1,0,1,163,0,0,0
1,80.25,1,0,0,0,5.5,0,1,0,0,0,0,0,0,0,0,0,0,0,0,340,0,0,0,0,0,0,0,0,1,0,0.54,1,0,0,0,0,0,0
1,19.42,0,1,0,1,1.5,0,0,1,0,0,0,0,0,0,0,0,0,0,0,20,0,0,0,0,0,0,0,0,1,0,2.0,1,0,1,100,0,0,0
1,42.75,1,0,0,0,3.0,0,0,0,0,0,0,1,0,0,0,0,0,0,0,200,0,1,0,0,0,0,0,0,0,0,1.0,1,0,0,0,0,0,0
1,19.67,0,1,0,1,10.0,0,0,0,0,0,0,0,0,1,0,0,0,0,0,0,0,0,0,0,1,0,0,0,0,0,0.835,1,0,1,140,0,0,0
1,36.33,1,0,0,0,3.79,0,0,0,0,0,0,0,0,0,0,0,0,1,0,0,0,0,0,0,0,0,0,0,1,0,1.165,1,0,1,200,0,0,0
1,30.08,0,1,0,1,1.04,0,0,0,0,0,0,1,0,0,0,0,0,0,0,28,1,1,0,0,0,0,0,0,0,0,0.5,1,10,1,132,0,0,0
1,44.25,0,1,0,1,11.0,0,0,0,1,0,0,0,0,0,0,0,0,0,0,0,0,0,0,0,0,0,0,0,1,0,1.5,1,0,0,0,0,1,0
1,23.58,0,1,0,1,0.46,0,0,0,0,0,0,0,0,0,0,0,0,1,0,347,1,0,0,0,0,0,0,0,1,0,2.625,1,6,1,208,0,0,0
1,23.92,1,0,0,0,1.5,0,0,0,1,0,0,0,0,0,0,0,0,0,0,327,1,0,0,0,1,0,0,0,0,0,1.875,1,6,0,200,0,0,1
1,33.17,1,0,0,0,1.0,0,0,0,0,0,0,0,0,0,0,0,0,0,1,4071,1,0,0,0,0,0,0,0,1,0,0.75,1,7,1,340,0,0,1
1,48.33,1,0,0,0,12.0,0,0,0,0,0,0,0,0,0,1,0,0,0,0,0,0,0,0,0,0,0,0,0,1,0,16.0,1,0,0,110,0,1,1
1,76.75,1,0,0,0,22.29,0,0,0,0,1,0,0,0,0,0,0,0,0,0,109,1,0,0,0,0,0,0,0,0,1,12.75,1,1,1,0,0,0,1
1,51.33,1,0,0,0,10.0,0,0,0,0,0,0,1,0,0,0,0,0,0,0,1249,1,1,0,0,0,0,0,0,0,0,0.0,1,11,0,0,0,0,1
1,34.75,1,0,0,0,15.0,0,0,0,0,0,0,0,0,0,0,0,1,0,0,134,1,0,0,0,0,0,1,0,0,0,5.375,1,9,1,0,0,0,1
1,38.58,1,0,0,0,3.335,0,0,0,0,0,0,0,0,0,0,0,0,1,0,1344,1,0,0,0,0,0,0,0,1,0,4.0,1,14,0,383,0,0,1
0,22.42,0,1,0,1,11.25,0,0,0,0,0,0,0,0,0,0,0,0,0,1,321,1,0,0,0,1,0,0,0,0,0,0.75,1,4,0,0,0,0,1
1,41.92,1,0,0,0,0.42,0,1,0,0,0,0,0,0,0,0,0,0,0,0,948,1,0,0,0,1,0,0,0,0,0,0.21,1,6,0,220,0,0,1
1,29.58,1,0,0,0,4.5,0,0,0,0,0,0,0,0,0,0,0,0,1,0,0,1,0,0,0,0,0,0,0,1,0,7.5,1,2,1,330,0,0,1
0,32.17,1,0,0,0,1.46,0,0,0,0,0,0,0,0,0,0,0,0,1,0,2079,1,0,0,0,0,0,0,0,1,0,1.085,1,16,0,120,0,0,1
1,51.42,1,0,0,0,0.04,0,0,0,0,0,0,0,0,0,0,0,0,0,1,3000,0,0,0,0,1,0,0,0,0,0,0.04,1,0,0,0,0,0,1
0,22.83,1,0,0,0,2.29,0,0,0,0,0,0,0,0,0,0,1,0,0,0,2384,1,0,0,0,1,0,0,0,0,0,2.29,1,7,1,140,0,0,1
0,25,1,0,0,0,12.33,0,0,1,0,0,0,0,0,0,0,0,0,0,0,458,1,0,0,0,1,0,0,0,0,0,3.5,1,6,0,400,0,0,1
1,26.75,1,0,0,0,1.125,0,0,0,0,0,0,0,0,0,0,0,0,0,1,5298,0,0,0,0,1,0,0,0,0,0,1.25,1,0,0,0,0,0,1
1,23.33,1,0,0,0,1.5,0,1,0,0,0,0,0,0,0,0,0,0,0,0,200,0,0,0,0,1,0,0,0,0,0,1.415,1,0,0,422,0,0,1
1,24.42,1,0,0,0,12.335,0,0,0,0,0,0,0,0,0,0,1,0,0,0,0,0,0,0,0,1,0,0,0,0,0,1.585,1,0,1,120,0,0,1
1,42.17,1,0,0,0,5.04,0,0,0,0,0,0,0,0,0,0,1,0,0,0,0,0,0,0,0,1,0,0,0,0,0,12.75,1,0,1,92,0,0,1
0,20.83,1,0,0,0,3.0,1,0,0,0,0,0,0,0,0,0,0,0,0,0,0,0,0,0,0,0,0,0,0,1,0,0.04,1,0,0,100,0,0,1
1,23.08,1,0,0,0,11.5,0,0,0,0,0,0,0,0,0,0,0,0,1,0,284,1,0,0,0,1,0,0,0,0,0,2.125,1,11,1,290,0,0,1
0,25.17,1,0,0,0,2.875,0,0,0,0,0,0,0,0,0,0,0,0,0,1,0,0,0,0,0,1,0,0,0,0,0,0.875,1,0,0,360,0,0,1
1,43.08,0,1,0,1,0.375,0,1,0,0,0,0,0,0,0,0,0,0,0,0,162,1,0,0,0,0,0,0,0,1,0,0.375,1,8,1,300,0,0,1
0,35.75,1,0,0,0,0.915,1,0,0,0,0,0,0,0,0,0,0,0,0,0,1583,1,0,0,0,0,0,0,0,1,0,0.75,1,4,0,0,0,0,1
1,59.5,1,0,0,0,2.75,0,0,0,0,0,0,0,0,0,0,0,0,1,0,58,1,0,0,0,0,0,0,0,1,0,1.75,1,5,1,60,0,0,1
1,21,0,1,0,1,3.0,0,0,0,1,0,0,0,0,0,0,0,0,0,0,1,1,0,0,0,0,0,0,0,1,0,1.085,1,8,1,160,0,0,1
1,21.92,0,1,0,1,0.54,0,0,0,0,0,0,0,0,0,0,0,0,0,1,59,1,0,0,0,0,0,0,0,1,0,0.04,1,1,1,840,0,0,1
0,65.17,1,0,0,0,14.0,0,0,0,0,0,1,0,0,0,0,0,0,0,0,1400,1,0,0,1,0,0,0,0,0,0,0.0,1,11,1,0,0,0,1
0,20.33,1,0,0,0,10.0,0,1,0,0,0,0,0,0,0,0,0,0,0,0,1465,1,0,0,0,1,0,0,0,0,0,1.0,1,4,0,50,0,0,1
1,32.25,0,1,0,1,0.165,0,1,0,0,0,0,0,0,0,0,0,0,0,0,8000,1,0,0,0,1,0,0,0,0,0,3.25,1,1,1,432,0,0,1
1,30.17,1,0,0,0,0.5,0,1,0,0,0,0,0,0,0,0,0,0,0,0,540,1,0,0,0,0,0,0,0,1,0,1.75,1,11,0,32,0,0,1
1,25.17,1,0,0,0,6.0,0,1,0,0,0,0,0,0,0,0,0,0,0,0,0,1,0,0,0,0,0,0,0,1,0,1.0,1,3,0,0,0,0,1
1,39.17,1,0,0,0,1.625,0,1,0,0,0,0,0,0,0,0,0,0,0,0,4700,1,0,0,0,0,0,0,0,1,0,1.5,1,10,0,186,0,0,1
1,39.08,1,0,0,0,6.0,0,0,0,0,0,0,0,0,0,1,0,0,0,0,1097,1,0,0,0,0,0,0,0,1,0,1.29,1,5,1,108,0,0,1
1,31.67,1,0,0,0,0.83,0,0,0,0,0,0,0,0,0,0,0,0,0,1,3290,1,0,0,0,0,0,0,0,1,0,1.335,1,8,1,303,0,0,1
1,41,1,0,0,0,0.04,0,0,0,0,1,0,0,0,0,0,0,0,0,0,0,1,0,0,0,0,0,0,0,1,0,0.04,0,1,0,560,0,1,1
1,48.5,1,0,0,0,4.25,0,0,0,0,0,0,0,0,0,1,0,0,0,0,0,0,0,0,0,0,0,0,0,1,0,0.125,1,0,1,225,0,0,1
